date,symbol,action,quantity,price,status
2024-05-14T13:30:00.236971Z,RYCEY,buy,1.0,5.24,filled
2024-05-13T16:15:14.727072Z,RYCEY,buy,2.0,5.24,filled
2024-04-10T13:34:42.044720Z,TSLA,sell,6.757488,174.355,filled
2024-04-09T14:48:44.863554Z,TSLA,buy,6.757488,176.7994,filled
2024-04-09T13:13:30.168073Z,TSLA,sell,12.687213,173.85,filled
2024-04-08T20:02:19.513383Z,TSLA,buy,1.080054,173.075,filled
2024-04-08T19:42:20.693200Z,TSLA,buy,11.578167,172.7389,filled
2024-04-05T13:34:16.605915Z,TSLA,sell,6.0,169.21,filled
2024-04-04T19:12:08.240281Z,TSLA,buy,6.0,171.31,filled
2024-02-20T15:59:13.559216Z,TLRY,sell,13.0,1.8343,filled
2024-02-01T14:42:12.381511Z,TLRY,sell,1.0,1.9217,filled
2024-02-01T14:41:22.632899Z,TLRY,sell,1.0,1.9003,filled
2024-01-18T16:48:39.708473Z,TLRY,buy,15.0,2.0,filled
2023-12-19T14:42:29.240079Z,TSLA,sell,37.349114,254.585,filled
2023-12-18T17:13:09.848925Z,TSLA,buy,37.0,253.783,filled
2023-12-18T16:12:48.167376Z,SQ,sell,127.182042,73.955,filled
2023-12-18T16:05:33.336291Z,SQ,buy,122.382376,73.54,filled
2023-12-18T15:32:49.904624Z,SQ,buy,4.691796,73.75,filled
2023-12-18T05:57:16.748279Z,SQ,sell,107.0,74.65,filled
2023-12-15T18:45:54.913302Z,SQ,buy,107.10787,73.8,filled
2023-12-15T16:18:09.203313Z,TSLA,buy,0.349114,250.405,filled
2023-12-12T14:33:15.234636Z,TSLA,sell,23.174523,236.09,filled
2023-12-11T15:09:34.357766Z,TSLA,buy,23.174523,240.54,filled
2023-12-11T14:33:41.238301Z,TSLA,sell,19.915359,241.5888,filled
2023-12-11T14:33:23.203387Z,TSLA,sell,19.0,242.5,cancelled
2023-12-08T17:16:55.014078Z,TSLA,buy,19.915359,241.02,filled
2023-12-08T14:30:58.856872Z,TSLA,sell,20.191187,240.18,filled
2023-12-07T18:09:57.777430Z,TSLA,buy,10.396277,241.245,filled
2023-12-07T15:25:00.702054Z,TSLA,buy,9.79491,240.3677,filled
2023-11-29T14:29:07.030907Z,TSLA,sell,0.977919,249.062,filled
2023-11-28T15:17:59.743288Z,TSLA,buy,0.977919,236.18,filled
2023-11-28T14:31:02.463352Z,TSLA,sell,0.46777,237.375,filled
2023-11-27T15:29:43.117907Z,TSLA,buy,0.46777,234.2646,filled
2023-08-23T14:31:39.051124Z,TSLA,sell,4.653516,234.8719,filled
2023-08-23T14:18:27.286831Z,TSLA,buy,4.653516,233.157,filled
2023-08-18T17:04:53.597900Z,SDIV,sell,0.069444,21.795,filled
2023-07-13T13:34:59.357939Z,QQQ,sell,2.426366,376.4,filled
2023-07-12T16:10:04.138472Z,QQQ,buy,2.426366,370.9269,filled
2023-07-13T14:52:50.843605Z,QQQ,buy,1.0,144.0,cancelled
2023-07-12T15:13:30.458094Z,QQQ,buy,1.0,0.01,rejected
2023-05-04T13:52:43.129302Z,SPY,sell,2.0,405.2101,filled
2023-05-03T19:40:35.198059Z,SPY,buy,2.0,408.1099,filled
2023-04-21T18:10:08.936104Z,TSLA,sell,2.0,165.5101,filled
2023-04-20T17:36:00.390974Z,TSLA,buy,2.0,164.1657,filled
2023-04-17T13:30:48.392407Z,LCID,sell,1.0,7.6831,filled
2023-04-17T13:30:30.840432Z,SDIV,sell,6.949592,23.0348,filled
2023-04-17T13:30:40.686501Z,SQ,sell,2.0,63.61,filled
2023-04-17T14:37:26.623097Z,SDIV,buy,0.069444,23.04,filled
2023-04-04T15:13:07.616773Z,SQ,sell,2.0,68.0026,filled
2023-04-03T15:12:09.399897Z,SQ,buy,2.0,65.9237,filled
2023-03-28T19:08:06.519913Z,LCID,buy,1.0,7.56,filled
2023-03-28T13:40:52.533761Z,SDIV,buy,4.0,22.4497,filled
2023-03-23T14:41:57.167540Z,SQ,buy,2.0,63.1797,filled
2023-03-22T18:47:19.203576Z,SDIV,buy,2.949592,22.715,filled
2023-01-31T16:31:57.755851Z,SQ,sell,2.093844,82.005,filled
2023-01-30T16:03:05.353259Z,SQ,buy,2.093844,81.305,filled
2023-01-26T17:38:49.821306Z,HOOD,sell,0.230163,9.755,filled
2023-01-26T17:38:38.219986Z,TSLA,sell,0.097413,156.955,filled
2023-01-26T17:38:28.830429Z,AMZN,sell,0.18062,97.975,filled
2023-01-26T17:38:19.257384Z,AMD,sell,0.219454,74.765,filled
2023-01-26T17:37:07.963504Z,QQQ,sell,0.114046,291.075,filled
2023-01-26T17:36:28.579311Z,SPY,sell,0.474819,402.65,filled
2023-01-26T17:35:46.339312Z,HOOD,sell,3.0,9.7342,filled
2023-01-24T14:38:04.408485Z,SPY,buy,0.39583,398.58,filled
2023-01-23T18:14:11.396588Z,SQ,sell,0.818585,79.945,filled
2023-01-23T18:13:57.402314Z,BBBYQ,sell,8.882309,2.865,filled
2023-01-20T19:31:11.096511Z,BBBYQ,buy,8.882309,3.3775,filled
2023-01-09T16:16:40.482863Z,AMD,buy,0.188119,69.105,filled
2023-01-09T16:14:45.823997Z,TSLA,buy,0.097413,122.365,filled
2023-01-06T14:37:59.662930Z,SQ,sell,10.705504,65.4,filled
2023-01-05T14:51:52.349998Z,SQ,buy,11.30981,63.835,filled
2023-01-04T14:59:52.405738Z,HOOD,buy,1.223241,8.175,filled
2022-12-30T14:55:48.215664Z,QQQ,buy,0.114046,263.05,filled
2022-12-30T14:55:32.429709Z,SPY,buy,0.078989,379.795,filled
2022-12-30T14:54:07.842147Z,AMD,buy,0.031335,63.8354,filled
2022-12-30T14:53:27.928359Z,HOOD,buy,1.006922,7.945,filled
2022-12-30T14:53:04.980585Z,AMZN,buy,0.120758,82.81,filled
2022-12-29T16:18:27.142806Z,AMZN,buy,0.059862,83.525,filled
2022-12-27T17:08:19.691536Z,SQ,buy,0.214279,60.295,filled
2022-12-27T17:07:32.062301Z,HOOD,buy,1.0,7.835,filled
2022-12-16T15:41:39.746191Z,AMD,sell,0.014895,65.355,filled
2022-12-16T15:41:22.209389Z,MSFT,sell,0.004188,245.73,filled
2022-12-16T15:41:03.976468Z,SQ,sell,0.031419,62.305,filled
2022-12-16T15:40:49.472994Z,HOOD,sell,0.214786,8.565,filled
2022-12-07T16:17:32.971143Z,HOOD,buy,0.214786,9.265,filled
2022-11-21T18:31:02.020993Z,SQ,buy,0.01629,61.385,filled
2022-11-15T16:04:45.730313Z,SPY,sell,0.256566,400.02,filled
2022-11-15T16:04:34.629482Z,HMC,sell,4.65696,23.8812,filled
2022-11-15T16:04:23.057529Z,HOOD,sell,19.981898,10.0701,filled
2022-11-15T16:04:11.622107Z,QQQ,sell,0.359835,291.04,filled
2022-11-15T16:04:00.475210Z,AAPL,sell,0.728889,152.06,filled
2022-11-15T16:03:41.362272Z,AMZN,sell,1.114765,100.43,filled
2022-11-15T16:03:15.913676Z,SHOP,sell,3.130693,40.765,filled
2022-11-14T16:32:44.568987Z,HOOD,buy,10.235296,9.775,filled
2022-11-14T13:02:21.030306Z,HOOD,sell,29.55613,10.16,filled
2022-11-10T16:21:54.324627Z,MSFT,buy,0.004188,238.755,filled
2022-11-10T16:21:37.307342Z,AMD,buy,0.014895,67.1394,filled
2022-11-10T16:21:20.778292Z,SQ,buy,0.015129,66.095,filled
2022-11-10T16:19:58.197314Z,HMC,buy,4.19898,23.335,filled
2022-11-10T16:19:34.168603Z,SPY,buy,0.25115,390.205,filled
2022-11-10T16:19:20.661081Z,QQQ,buy,0.356073,278.0445,filled
2022-11-10T16:18:31.605785Z,HOOD,buy,21.822149,9.165,filled
2022-11-08T14:33:43.111812Z,HOOD,buy,8.996851,11.115,filled
2022-11-07T19:07:42.066396Z,QQQ,buy,0.003762,265.815,filled
2022-11-07T18:56:41.974467Z,AMZN,buy,1.114765,89.705,filled
2022-11-07T18:56:13.366504Z,AAPL,buy,0.728889,137.195,filled
2022-11-07T18:55:31.945527Z,HOOD,buy,8.403573,11.8997,filled
2022-11-07T18:55:07.634540Z,SHOP,buy,3.130693,31.9404,filled
2022-11-07T14:37:51.196633Z,SQ,sell,31.013073,62.505,filled
2022-11-03T17:32:14.141248Z,SQ,sell,5.195287,53.895,filled
2022-11-03T13:30:06.830913Z,SQ,buy,2.766427,53.5,filled
2022-10-28T15:00:49.937995Z,SQ,buy,33.402922,59.875,filled
2022-10-24T15:03:21.121041Z,SPY,buy,0.005416,376.64,filled
2022-10-24T15:02:59.591079Z,SQ,buy,0.039011,54.855,filled
2022-10-21T12:23:20.753225Z,AAPL,sell,0.688355,141.76,filled
2022-10-21T12:23:02.160501Z,SHEL,sell,1.906032,51.32,filled
2022-10-21T13:30:02.277223Z,HON,sell,0.557662,177.465,filled
2022-10-21T13:30:01.114829Z,MCD,sell,0.399332,250.01,filled
2022-10-21T13:32:26.034490Z,PG,sell,0.786132,126.5,filled
2022-10-21T12:21:34.599283Z,AMZN,sell,1.0,113.2,filled
2022-10-21T12:20:57.448800Z,STLA,sell,1.988403,12.46,filled
2022-10-21T12:20:28.013572Z,AMD,sell,1.683274,56.965,filled
2022-10-21T12:20:13.348758Z,GOOGL,sell,0.987122,97.93,filled
2022-10-21T13:33:08.767073Z,SQ,sell,2.543687,54.16,filled
2022-10-21T12:18:24.112331Z,ARKK,sell,4.47,34.545,filled
2022-10-20T15:32:37.100236Z,AMD,buy,1.514768,59.415,filled
2022-10-20T15:32:13.569213Z,AAPL,buy,0.619506,145.2769,filled
2022-10-20T15:30:05.403459Z,MCD,buy,0.135733,250.49,filled
2022-10-20T15:27:52.771801Z,GOOGL,buy,0.888406,101.305,filled
2022-10-20T15:27:23.690910Z,HON,buy,0.557662,179.32,filled
2022-10-20T15:25:38.050231Z,SHEL,buy,1.906032,52.465,filled
2022-10-20T15:24:45.483161Z,MCD,buy,0.263599,250.3976,filled
2022-10-20T15:23:25.366146Z,PG,buy,0.786132,127.2092,filled
2022-10-20T15:22:37.875385Z,STLA,buy,1.988403,12.935,filled
2022-10-20T15:22:11.777042Z,HMC,buy,0.45798,21.835,filled
2022-10-20T15:21:54.754636Z,GOOGL,buy,0.098716,101.3,filled
2022-10-20T15:21:34.702511Z,AAPL,buy,0.068849,145.245,filled
2022-10-20T15:21:17.681639Z,AMD,buy,0.168506,59.345,filled
2022-10-20T15:16:51.448673Z,HOOD,sell,10.4,10.375,filled
2022-10-20T15:16:30.813015Z,SQ,buy,2.4,57.5693,filled
2022-10-20T15:15:09.217279Z,ARKK,buy,4.47,36.68,filled
2022-10-20T13:43:02.314671Z,SQ,buy,0.143687,55.05,filled
2022-10-19T16:17:31.385902Z,SQ,sell,2.437288,54.88,filled
2022-10-19T16:17:16.672635Z,ARKK,sell,4.47,35.605,filled
2022-10-19T15:59:07.918571Z,HOOD,buy,9.960258,10.0399,filled
2022-10-18T15:41:01.899832Z,SQ,sell,0.269735,55.601,filled
2022-10-17T17:42:51.640535Z,HOOD,buy,0.519901,10.175,filled
2022-10-17T15:41:54.499881Z,AMZN,buy,1.0,113.22,filled
2022-10-17T15:41:17.958019Z,ARKK,buy,4.47,36.545,filled
2022-10-17T15:40:32.394490Z,SQ,buy,2.4,56.67,filled
2022-10-14T15:06:59.075870Z,SQ,buy,0.307023,55.24,filled
2022-10-12T13:35:12.440434Z,SQ,sell,3.362396,53.36,filled
2022-10-12T13:34:59.835324Z,ARKK,sell,4.471781,35.4301,filled
2022-10-12T13:34:46.315143Z,AMZN,sell,0.797673,111.755,filled
2022-10-11T14:13:20.400152Z,SQ,buy,0.748853,53.415,filled
2022-10-10T16:16:36.085605Z,AMZN,sell,1.757015,113.835,filled
2022-10-10T16:16:05.591619Z,ARKK,sell,5.514266,36.275,filled
2022-10-10T16:15:05.782793Z,SQ,sell,3.544528,56.425,filled
2022-10-07T15:53:00.820359Z,ARKK,buy,0.914718,38.2873,filled
2022-10-07T15:50:46.168694Z,ARKK,buy,5.230351,38.235,filled
2022-10-07T15:50:30.758445Z,SQ,buy,3.396739,58.88,filled
2022-10-07T15:50:12.404326Z,AMZN,buy,1.737328,115.12,filled
2022-10-03T17:46:22.314294Z,ARKK,buy,1.438368,37.7651,filled
2022-09-26T14:40:34.708839Z,SQ,buy,1.122067,56.075,filled
2022-09-21T13:30:54.404426Z,SQ,buy,1.639265,61.0,filled
2022-09-20T20:49:11.228443Z,ARKK,buy,2.295684,43.56,cancelled
2022-09-20T20:47:52.937217Z,AMZN,buy,0.81736,122.35,filled
2022-09-21T13:30:04.505880Z,ARKK,buy,2.40261,41.62,filled
2022-08-12T16:15:20.896932Z,ARKK,sell,3.921953,51.23,filled
2022-08-08T17:27:50.464655Z,ARKK,buy,3.921953,50.995,filled
2022-07-25T15:13:54.456922Z,SPY,sell,0.267691,394.42,filled
2022-07-25T15:13:43.445912Z,ORC,sell,37.833627,3.0835,filled
2022-07-25T15:13:31.151483Z,AAPL,sell,1.08395,152.6,filled
2022-07-25T15:13:20.409009Z,IVR,sell,0.070596,15.955,filled
2022-07-25T15:13:07.893242Z,AMZN,sell,1.004824,121.515,filled
2022-07-25T15:12:58.056926Z,F,sell,1.061423,12.835,filled
2022-07-25T15:12:41.863826Z,ARKK,sell,4.000124,45.53,filled
2022-07-25T15:12:30.858006Z,SQ,sell,1.999663,71.0309,filled
2022-07-25T15:12:15.831176Z,HMC,sell,1.003461,25.595,filled
2022-07-25T15:12:03.315233Z,UPS,sell,0.303827,189.1,filled
2022-07-25T15:11:47.795522Z,VLO,sell,1.037902,108.5147,filled
2022-07-25T15:11:36.782279Z,SHEL,sell,1.011247,49.645,filled
2022-07-25T15:11:23.261960Z,GOOG,sell,0.44812,108.5816,filled
2022-07-25T15:11:08.241038Z,IIPR,sell,0.059654,92.36,filled
2022-07-18T15:25:11.508687Z,IIPR,buy,0.050745,98.53,filled
2022-07-11T18:25:11.308391Z,ORC,buy,3.143362,2.825,filled
2022-07-11T18:24:46.782749Z,HMC,sell,0.37,24.005,filled
2022-07-11T18:17:19.137546Z,ORC,buy,34.336283,2.825,filled
2022-07-11T18:16:45.078600Z,ORC,buy,0.353982,2.825,filled
2022-07-11T18:13:46.787955Z,IIPR,buy,0.008909,112.235,filled
2022-07-11T18:12:58.724278Z,IVR,buy,0.070596,14.165,filled
2022-07-11T15:43:01.209004Z,UPS,buy,0.161633,185.605,filled
2022-07-11T15:41:32.598816Z,HMC,buy,0.380952,24.045,filled
2022-07-11T15:40:05.991563Z,AMZN,buy,0.52,112.775,filled
2022-07-11T15:37:56.802425Z,VLO,buy,0.8,106.12,filled
2022-07-11T15:37:35.783174Z,SHEL,buy,0.5,48.26,filled
2022-07-11T15:36:53.723940Z,HMC,buy,0.5,24.065,filled
2022-07-08T18:31:51.925225Z,AAPL,buy,0.7,147.275,filled
2022-07-08T18:31:29.363777Z,SQ,buy,0.2,67.365,filled
2022-07-08T18:31:07.657386Z,ARKK,buy,0.25,46.935,filled
2022-06-23T17:14:28.326215Z,ARKK,buy,0.533665,42.105,filled
2022-06-23T16:59:10.666985Z,ARKK,buy,0.523,42.067,filled
2022-06-23T16:58:36.838226Z,SPY,buy,0.267691,373.57,filled
2022-06-23T16:56:58.174789Z,UPS,buy,0.142194,175.815,filled
2022-06-23T16:54:52.666404Z,SHEL,buy,0.511247,48.9,filled
2022-06-23T16:52:14.623672Z,VLO,buy,0.237902,105.085,filled
2022-06-23T16:44:31.202144Z,GOOG,buy,0.022406,2231.465,filled
2022-06-16T16:20:57.708478Z,ARKK,buy,2.153721,37.145,filled
2022-06-16T16:20:36.181683Z,ARKK,buy,0.539738,37.055,filled
2022-06-16T16:19:40.605989Z,F,buy,1.061423,11.315,filled
2022-06-16T16:19:17.573697Z,HMC,buy,0.492509,24.365,filled
2022-06-16T16:18:20.492631Z,AMZN,buy,0.484824,103.13,filled
2022-06-16T16:17:17.895804Z,AAPL,buy,0.38395,130.225,filled
2022-06-16T16:10:19.660514Z,SQ,buy,0.863408,57.91,filled
2022-06-14T19:03:55.242432Z,SQ,buy,0.936255,60.0092,filled
2022-06-10T21:04:04.592935Z,SQ,buy,0.971236,75.79,cancelled
2021-12-28T17:06:20.716989Z,SDIV,sell,22.904496,12.4708,filled
2021-12-28T17:06:05.698466Z,BABA,sell,1.59453,114.7126,filled
2021-12-28T17:05:49.178283Z,IVR,sell,57.582377,2.874,filled
2021-12-28T17:05:28.653039Z,SQ,sell,0.297256,164.71,filled
2021-12-16T16:06:01.524867Z,BABA,buy,0.416701,119.99,filled
2021-12-14T14:32:02.245969Z,SDIV,buy,0.187603,12.1,filled
2021-12-06T20:01:05.970849Z,SQ,buy,0.297256,177.8598,filled
2021-11-18T16:50:47.884661Z,BABA,buy,0.342829,145.845,filled
2021-11-15T14:34:40.720388Z,SDIV,buy,0.156334,12.985,filled
2021-11-05T14:15:36.118994Z,IVR,buy,7.348281,3.345,filled
2021-11-05T14:15:16.798334Z,BABA,buy,0.153605,162.755,filled
2021-11-05T14:05:23.620646Z,IVR,buy,11.956359,3.3455,filled
2021-11-05T14:04:28.435203Z,BABA,buy,0.460433,162.89,filled
2021-10-27T14:35:59.686103Z,SDIV,sell,0.225789,13.28,filled
2021-10-19T15:25:54.175819Z,IVR,buy,15.578817,3.205,filled
2021-10-14T13:32:33.568828Z,SDIV,buy,0.152239,13.4,filled
2021-10-01T13:59:19.379541Z,IVR,buy,22.69892,3.1583,filled
2021-10-01T13:58:47.992947Z,SDIV,sell,2.988315,13.2614,filled
2021-10-01T13:58:17.894689Z,BABA,sell,0.220851,145.075,filled
2021-10-01T13:42:06.557785Z,BABA,buy,0.341145,146.565,filled
2021-09-27T14:44:37.921236Z,SDIV,sell,0.377576,13.24,filled
2021-09-17T15:52:40.646702Z,BABA,buy,0.063087,159.145,filled
2021-09-17T15:52:08.198571Z,SDIV,buy,22.0,13.18,filled
2021-09-10T15:29:42.584217Z,BABA,buy,0.037581,169.5,filled
2021-09-10T15:27:03.462524Z,SDIV,buy,4.0,13.468,filled
2021-06-08T19:35:57.441547Z,SQ,sell,47.842672,214.8573,filled
2021-06-02T18:37:10.537154Z,SQ,sell,10.0,219.67,filled
2021-06-01T14:40:22.567495Z,PYPL,sell,6.748421,257.47,filled
2021-06-01T14:40:08.321824Z,MSFT,sell,6.816545,248.901,filled
2021-06-01T14:39:51.911008Z,AAPL,sell,15.609363,124.7306,filled
2021-05-10T14:24:17.296064Z,SQ,buy,6.814772,222.4583,filled
2021-05-10T14:22:17.364025Z,AMZN,sell,0.530266,3238.165,filled
2021-07-01T23:29:44.595914Z,SQ,buy,4.380895,224.3,filled
2021-11-18T21:12:41.685341Z,PG,sell,7.317847,134.325,filled
2021-05-06T14:05:16.344997Z,SQ,buy,5.326899,224.4139,filled
2021-05-06T14:04:04.873755Z,HON,sell,5.294146,226.1,filled
2021-05-04T14:11:24.017299Z,SQ,buy,8.879972,234.06,filled
2021-05-04T14:11:06.649424Z,HD,sell,5.963937,331.774,filled
2021-04-28T14:06:23.915798Z,PG,buy,0.760234,131.17,filled
2021-04-23T15:29:05.870483Z,SQ,buy,12.750905,243.11,filled
2021-04-23T15:28:43.276712Z,SPY,sell,2.812907,416.2018,filled
2021-04-23T15:28:26.584107Z,QQQ,sell,5.707602,339.171,filled
2021-04-20T14:57:20.946121Z,SQ,buy,7.217682,247.4,filled
2021-04-20T14:56:55.133417Z,WMT,sell,12.714821,140.441,filled
2021-04-19T19:18:33.312943Z,SQ,buy,3.242663,245.765,filled
2021-04-19T17:41:23.914667Z,SQ,buy,1.016531,245.885,filled
2021-04-19T17:41:00.251010Z,IIPR,sell,4.993459,180.8397,filled
2021-04-14T15:36:40.963954Z,SQ,buy,1.401077,262.655,filled
2021-04-14T14:53:38.717965Z,SPY,buy,1.812907,413.7,filled
2021-04-14T14:52:32.079129Z,HON,buy,3.294146,230.09,filled
2021-04-14T14:52:17.419225Z,PYPL,buy,2.748421,272.8839,filled
2021-04-14T14:52:03.471677Z,QQQ,buy,2.207602,339.735,filled
2021-04-14T14:51:50.147659Z,WMT,buy,5.414821,138.505,filled
2021-04-14T14:51:32.127335Z,PG,buy,5.557613,134.95,filled
2021-04-14T14:51:18.194320Z,MSFT,buy,2.907878,257.92,filled
2021-04-14T14:51:05.534722Z,AAPL,buy,5.609363,133.705,filled
2021-04-14T14:50:52.997670Z,AMZN,buy,0.222552,3369.995,filled
2021-04-14T14:50:42.163558Z,HD,buy,2.337807,320.805,filled
2021-04-14T14:50:31.704987Z,IIPR,buy,3.947576,189.99,filled
2021-04-14T14:50:10.662808Z,SQ,buy,2.811276,266.7827,filled
2021-04-14T14:43:28.829073Z,PYPL,buy,3.0,272.0122,filled
2021-04-14T14:43:00.581732Z,WMT,buy,6.3,138.64,filled
2021-04-14T14:42:27.096810Z,AAPL,buy,10.0,133.565,filled
2021-04-14T14:42:02.960221Z,QQQ,buy,2.5,339.6472,filled
2021-04-14T14:41:25.882426Z,HD,buy,3.0,320.0341,filled
2021-04-14T14:40:47.309475Z,SQ,buy,4.0,264.8658,filled
2021-04-14T14:40:25.858264Z,MSFT,buy,2.908667,257.85,filled
2021-04-09T14:23:38.895141Z,FDX,sell,3.576855,283.03,filled
2021-04-09T14:10:36.648639Z,GOOG,sell,0.477054,2270.4617,filled
2021-04-09T14:10:22.551494Z,AAPL,sell,7.868449,130.855,filled
2021-04-09T14:09:22.889118Z,TMUS,sell,7.402364,128.86,filled
2021-04-09T14:07:25.428637Z,SQ,sell,44.461794,264.065,filled
2021-04-09T14:03:24.714149Z,SQ,buy,44.461794,264.1,filled
2021-04-09T14:03:06.655685Z,CLX,sell,49.629246,191.97,filled
2021-04-08T18:31:26.794825Z,AAL,sell,41.391017,23.455,filled
2021-04-08T16:02:02.026340Z,CLX,buy,48.629246,192.23,filled
2021-04-08T14:31:25.248090Z,HD,sell,30.0,312.18,filled
2021-04-08T13:53:26.262075Z,HD,buy,29.62613,311.605,filled
2021-04-08T13:52:23.577530Z,AAL,buy,197.0,23.22,cancelled
2021-04-08T13:46:55.782681Z,SQ,sell,1.0,252.24,filled
2021-04-08T13:42:57.621520Z,HON,buy,1.0,217.315,filled
2021-04-07T19:06:30.337270Z,SQ,buy,1.0,248.6856,filled
2021-04-07T19:06:09.535840Z,PYPL,buy,1.0,256.4189,filled
2021-04-07T19:01:41.902653Z,QQQ,buy,1.0,332.1,filled
2021-04-07T19:01:08.167382Z,SPY,buy,1.0,406.629,filled
2021-04-07T19:00:00.212585Z,HON,buy,1.0,218.28,filled
2021-04-07T18:59:19.575154Z,CLX,buy,1.0,193.866,filled
2021-04-07T18:27:47.635052Z,MSFT,buy,1.0,250.325,filled
2021-04-07T18:26:00.117915Z,META,sell,0.926438,312.4379,filled
2021-04-07T18:13:42.263987Z,PG,buy,1.0,136.69,filled
2021-04-07T18:12:13.528462Z,WMT,buy,1.0,139.7389,filled
2021-04-07T17:11:53.515550Z,HD,buy,1.0,311.0743,filled
2021-04-07T17:10:50.920255Z,IIPR,buy,1.045883,190.93,filled
2021-04-07T15:08:52.319086Z,AAL,buy,41.391017,24.155,filled
2021-04-07T14:36:07.023878Z,FDX,buy,3.576855,279.5752,filled
2021-04-07T14:14:39.953550Z,TMUS,buy,5.370981,130.33,filled
2021-04-07T14:14:01.331407Z,AAPL,buy,3.156362,126.725,filled
2021-04-07T14:04:58.739820Z,SQ,sell,64.96619,245.5201,filled
2021-04-06T19:50:35.228345Z,SQ,buy,64.208417,236.4,filled
2021-04-06T19:19:28.279418Z,SQ,sell,63.0,238.0,filled
2021-04-06T18:44:50.548453Z,SQ,sell,63.0,238.0,cancelled
2021-03-31T13:35:13.924685Z,SQ,sell,63.0,245.0,cancelled
2021-03-18T16:33:18.140177Z,SQ,buy,60.676333,236.2,filled
2021-02-23T19:31:15.147454Z,SQ,sell,0.598467,250.64,filled
2021-02-23T19:30:27.328412Z,IDEX,sell,21.511983,3.175,filled
2021-02-23T19:29:55.243590Z,VIOG,sell,8.704735,219.885,filled
2021-02-23T19:29:42.975597Z,VOOG,sell,8.284702,231.98,filled
2021-02-23T19:28:55.556081Z,AAL,sell,14.526438,20.8724,filled
2021-02-12T18:46:28.533394Z,VIOG,buy,8.704735,229.76,filled
2021-02-12T18:45:56.599048Z,VOOG,buy,8.284702,241.375,filled
2021-02-12T18:34:17.405250Z,META,buy,0.555807,269.8775,filled
2021-02-12T18:33:16.236151Z,META,buy,0.370631,269.81,filled
2021-02-12T18:32:52.731736Z,IDEX,buy,21.511983,4.645,filled
2021-02-12T18:32:35.601445Z,AAL,buy,14.526438,17.21,filled
2021-02-12T18:31:52.545014Z,TMUS,buy,2.031383,123.055,filled
2021-11-18T21:09:15.201136Z,AAPL,buy,4.712087,134.195,filled
2021-02-12T18:30:23.592802Z,SQ,buy,3.679907,271.735,filled
2021-02-12T18:25:47.436179Z,AMZN,buy,0.307714,3249.77,filled
2021-02-12T18:25:20.788995Z,GOOG,buy,0.477054,2096.195,filled
2021-02-11T18:25:44.557066Z,INTC,sell,1.0,60.335,filled
2021-02-11T18:25:33.286440Z,GAIN,sell,1.393142,11.965,filled
2021-02-11T18:25:21.884197Z,IIPR,sell,0.454892,207.7073,filled
2021-02-11T18:25:08.513176Z,IBM,sell,1.259464,121.02,filled
2021-02-11T18:24:54.544163Z,GOOG,sell,0.046004,2090.39,filled
2021-02-11T18:24:39.161973Z,ORC,sell,1.035991,5.575,filled
2021-02-11T18:24:22.472619Z,BAC,sell,0.883286,32.825,filled
2021-02-11T16:22:06.630076Z,AMD,sell,2.760319,92.33,filled
2021-02-11T16:21:50.860692Z,AAPL,sell,3.035448,135.035,filled
2021-02-11T16:21:12.988316Z,AMZN,sell,0.314252,3278.095,filled
2021-02-11T16:20:50.914821Z,HAS,sell,11.339904,90.605,filled
2021-02-08T19:43:29.606974Z,AMZN,buy,0.30216,3308.135,filled
2021-02-08T18:55:57.429519Z,UBER,sell,1.0,59.0618,filled
2021-02-08T18:55:29.761355Z,RLJ,sell,6.0,14.1314,filled
2021-02-08T18:54:00.045853Z,F,sell,2.0,11.4028,filled
2021-02-08T18:52:21.112810Z,PFE,sell,4.506877,34.7621,filled
2021-02-08T18:49:39.758293Z,KBH,sell,1.0,44.8222,filled
2021-02-08T18:48:42.299653Z,HAS,buy,10.657572,93.83,filled
2021-02-08T18:45:23.602514Z,DASH,sell,0.412544,174.51,filled
2021-02-08T18:44:53.472456Z,AAL,sell,29.103931,17.795,filled
2021-02-05T20:36:32.019129Z,AAL,buy,29.103931,17.175,filled
2021-02-05T20:09:47.927104Z,SQ,sell,12.549775,238.85,filled
2021-02-05T19:45:39.156056Z,SQ,buy,4.654255,239.845,filled
2021-02-04T19:39:23.101074Z,F,buy,1.0,11.4372,filled
2021-02-04T19:38:00.795682Z,INTC,sell,19.0,58.3423,filled
2021-02-02T15:25:22.428881Z,PFE,buy,3.0,34.5279,filled
2021-02-01T16:32:58.789570Z,GAIN,buy,0.009709,10.3,filled
2021-01-28T23:54:02.441437Z,ORC,buy,0.345083,5.39,filled
2021-01-26T14:47:16.204758Z,AAPL,buy,1.0,142.45,filled
2021-01-25T21:14:21.297807Z,SQ,buy,4.0,216.22,filled
2021-01-22T20:27:17.009045Z,IBM,buy,1.259464,118.725,filled
2021-01-22T20:24:21.703543Z,INTC,buy,20.0,56.945,filled
2021-01-25T14:49:42.688600Z,BAC,sell,35.0,31.005,filled
2021-01-21T19:42:21.584989Z,F,sell,8.0,11.5228,filled
2021-01-21T20:01:25.328594Z,AMD,sell,11.0,91.78,filled
2021-01-21T19:37:35.604598Z,SQ,buy,3.0,220.39,filled
2021-01-21T19:39:55.973756Z,AMD,sell,12.0,0.0,cancelled
2021-01-21T19:24:55.747674Z,HAS,sell,7.0,97.48,filled
2021-01-20T19:56:15.982126Z,DASH,buy,0.412544,191.955,filled
2021-01-20T19:55:04.604076Z,RLJ,buy,5.0,14.565,filled
2021-01-20T19:51:37.473912Z,F,sell,15.0,10.7522,filled
2021-01-20T19:49:48.205824Z,AMD,buy,10.108384,89.035,filled
2021-01-20T19:48:29.651100Z,BAC,buy,27.883286,32.2774,filled
2021-01-20T18:38:35.545226Z,GOOG,sell,1.0,1890.79,filled
2021-01-20T18:11:07.082779Z,GOOG,sell,1.0,0.0,cancelled
2021-11-18T21:10:47.978049Z,AMD,buy,1.651935,90.775,filled
2021-01-14T17:30:03.034071Z,GAIN,sell,14.077897,10.655,filled
2021-01-14T17:28:44.331088Z,GOOG,buy,0.828024,1741.0,filled
2021-01-14T17:21:55.683636Z,UBER,buy,1.0,58.335,filled
2021-01-14T17:19:27.657361Z,GOOG,buy,0.115053,1738.32,filled
2021-01-14T17:02:46.354885Z,SQ,sell,7.0,236.0,filled
2021-01-14T16:57:26.790573Z,IIPR,buy,0.454892,190.885,filled
2021-01-14T16:56:40.058423Z,RLJ,buy,1.0,14.67,filled
2021-01-14T17:15:17.517479Z,ORC,sell,28.0,5.33,filled
2021-01-11T16:44:18.612041Z,SQ,buy,6.542911,229.075,filled
2020-12-17T20:47:35.549464Z,PFE,buy,1.313542,38.065,filled
2020-12-08T20:10:01.894037Z,SQ,buy,0.352609,212.7,filled
2020-12-08T20:09:39.499555Z,AMZN,sell,0.011007,3179.79,filled
2020-12-08T20:07:26.250611Z,PFE,buy,0.165623,42.325,filled
2020-12-01T15:48:59.116439Z,GAIN,buy,0.107,10.0,filled
2020-11-23T19:31:36.125863Z,HAS,sell,1.508783,92.79,filled
2020-11-19T15:51:55.428603Z,PFE,buy,0.027712,36.085,filled
2020-11-17T14:32:41.364581Z,HAS,buy,0.068523,90.48,filled
2020-11-02T14:37:22.831584Z,GAIN,buy,0.126627,8.45,filled
2020-10-29T13:34:47.380522Z,ORC,buy,0.360784,5.1,filled
2020-10-01T15:40:25.026460Z,GAIN,buy,0.116356,9.11,filled
2020-09-21T20:44:45.692854Z,GOOG,buy,0.034796,1436.93,filled
2020-09-03T17:10:00.043561Z,HAS,sell,7.877408,80.755,filled
2020-09-03T17:06:46.037955Z,ADT,sell,1.0,10.4626,filled
2020-09-02T14:12:57.627086Z,GAIN,buy,0.111347,9.43,filled
2020-08-28T13:54:28.685097Z,ORC,buy,0.330124,5.089,filled
2020-08-17T13:31:54.500640Z,AAPL,buy,0.508862,463.7799,filled
2020-08-03T18:50:37.903209Z,ADT,buy,1.0,13.885,filled
2020-08-03T16:24:15.195728Z,GOOG,buy,0.068131,1467.745,filled
2020-08-03T16:23:00.798457Z,AMZN,buy,0.023099,3134.305,filled
2020-08-03T16:09:28.654176Z,PLUG,sell,10.0,9.0624,filled
2020-07-30T13:37:38.665886Z,BAC,buy,3.0,24.675,filled
2020-07-29T15:54:40.744143Z,GAIN,buy,10.0,9.345,filled
2020-07-28T16:01:32.491750Z,HAS,sell,17.0,0.0,cancelled
2020-07-27T16:43:27.243389Z,HAS,buy,7.0,71.7691,filled
2020-07-27T16:42:30.677141Z,HAS,buy,10.0,71.7871,filled
2020-07-27T16:41:05.760131Z,F,buy,24.0,6.8868,filled
2020-07-27T16:39:15.815207Z,GAIN,buy,5.0,10.0893,filled
2020-07-27T16:38:40.978445Z,ORC,buy,28.0,4.935,filled
2020-07-27T16:37:49.723091Z,KBH,buy,1.0,33.9574,filled
2020-07-27T16:35:48.843579Z,AMD,buy,2.0,69.02,filled
2020-07-27T16:35:09.826646Z,PLUG,buy,10.0,8.3571,filled
2020-07-27T16:34:30.115524Z,WPX,sell,1.0,5.855,filled
2020-07-27T16:34:02.385721Z,SQ,buy,1.0,123.1335,filled
2020-07-27T16:33:34.816935Z,BAC,buy,5.0,24.15,filled
2020-07-24T13:38:07.549672Z,BLNK,sell,27.0,6.68,filled
2020-07-20T13:48:01.643552Z,BLNK,buy,11.0,5.969,filled
2020-07-15T15:26:00.374432Z,BLNK,buy,16.0,5.5,filled
2020-07-07T13:38:58.416501Z,BLNK,sell,20.0,6.93,filled
2020-07-01T14:23:04.946706Z,BLNK,buy,10.0,4.3993,filled
2020-07-01T14:05:24.564773Z,BLNK,buy,10.0,4.46,filled
2020-05-13T15:49:12.880628Z,SDIV,sell,58.0,9.45,filled
2020-05-13T15:19:19.622628Z,RLJ,sell,95.0,7.49,filled
2020-05-13T15:37:28.768940Z,PLUG,sell,200.0,4.21,filled
2020-05-13T15:40:35.727249Z,F,sell,90.0,4.72,filled
2020-05-06T14:59:47.749530Z,SDIV,buy,43.0,9.845,filled
2020-05-06T14:59:09.836118Z,PLUG,sell,100.0,4.2118,filled
2020-05-05T13:57:06.350995Z,RLJ,buy,5.0,8.705,filled
2020-04-16T19:30:16.469126Z,F,buy,81.0,4.9478,filled
2020-04-16T19:29:05.300893Z,PLUG,sell,89.0,4.495,filled
2020-04-16T17:04:19.470563Z,PLUG,buy,1.0,4.4488,filled
2020-04-16T17:03:41.649680Z,RLJ,buy,6.0,7.4999,filled
2020-04-07T16:06:12.432315Z,RLJ,buy,6.0,8.01,filled
2020-03-24T17:09:43.047182Z,PLUG,buy,9.0,3.789,filled
2020-03-24T17:09:23.406690Z,RLJ,buy,40.0,5.42,filled
2020-03-10T19:33:56.343742Z,PLUG,buy,34.0,4.1388,filled
2020-03-09T17:55:09.623243Z,PLUG,buy,45.0,4.1688,filled
2020-03-09T17:54:57.083302Z,PLUG,buy,25.0,4.1783,filled
2020-03-04T14:48:48.101125Z,PLUG,buy,260.0,4.599,filled
2020-03-03T16:28:08.740249Z,PLUG,buy,15.0,4.56,filled
2020-03-03T16:26:08.816889Z,FVRR,sell,2.0,33.1416,filled
2020-03-03T16:25:36.930524Z,F,buy,1.0,7.0078,filled
2020-03-03T21:30:10.547949Z,SDIV,buy,10.0,15.4265,filled
2020-03-03T16:24:40.546570Z,RLJ,buy,10.0,13.385,filled
2020-03-03T14:36:26.072631Z,BYND,sell,1.0,101.56,filled
2020-03-03T13:54:07.462013Z,MAIN,buy,1.0,40.84,cancelled
2020-02-28T18:02:58.587567Z,SDIV,buy,4.0,15.12,filled
2020-02-28T17:55:36.247039Z,BAC,sell,1.0,28.4928,filled
2020-02-28T17:55:04.183665Z,AMC,sell,5.0,6.3548,filled
2020-02-28T17:22:32.477514Z,F,buy,8.0,6.83,filled
2020-02-28T17:15:36.642984Z,BYND,buy,1.0,87.134,filled
2020-02-28T17:12:32.454705Z,APHA,sell,9.0,3.482,filled
2020-02-28T17:12:16.803658Z,GNCIQ,sell,21.0,1.7849,filled
2020-02-28T17:11:55.217972Z,KBH,sell,1.0,33.23,filled
2020-02-28T17:11:31.238635Z,BLNK,sell,22.0,2.26,filled
2020-02-28T17:11:12.372340Z,PRTYQ,sell,3.0,1.9823,filled
2020-02-28T17:08:15.403643Z,RLJ,buy,27.0,13.48,filled
2020-02-28T17:06:14.165214Z,GSAT,sell,14.0,0.3901,filled
2020-02-28T17:05:39.511909Z,GM,sell,1.0,29.912,filled
2020-02-28T17:05:09.470651Z,UA,sell,1.0,12.4623,filled
2020-02-28T17:04:30.768041Z,F,sell,1.0,6.8128,filled
2020-02-28T17:04:13.218555Z,YOLO,sell,3.0,9.3447,filled
2020-02-28T17:03:57.803002Z,ACB,sell,1.0,1.352,filled
2020-02-28T17:03:42.028080Z,HEXO,sell,8.0,1.11,filled
2020-02-27T20:18:55.261579Z,TUP,sell,2.0,3.0101,filled
2020-02-27T20:18:17.995053Z,GME,sell,2.0,3.5522,filled
2020-02-27T20:17:55.444801Z,GRPN,sell,1.0,1.36,filled
2020-02-19T18:24:09.512629Z,PLUG,sell,40.0,5.38,filled
2020-02-19T18:26:33.295456Z,PLUG,sell,36.0,5.37,filled
2020-02-19T18:07:32.843349Z,PLUG,buy,29.0,5.2899,filled
2020-02-19T17:59:09.752142Z,KBH,buy,1.0,40.1285,filled
2020-02-19T17:51:51.315235Z,PLUG,buy,37.0,5.33,cancelled
2020-02-19T17:47:59.693052Z,PLUG,sell,47.0,0.0,cancelled
2020-02-19T17:41:23.525306Z,PLUG,sell,47.0,4.5,cancelled
2020-02-18T16:00:00.987107Z,PLUG,buy,32.0,4.8188,filled
2020-02-18T15:59:29.563991Z,ACB,sell,99.0,1.572,filled
2020-02-18T15:58:24.246870Z,GNCIQ,buy,1.0,2.2477,filled
2020-02-18T15:56:02.861622Z,PRTYQ,buy,1.0,2.7075,filled
2020-02-18T15:55:44.306653Z,FVRR,buy,1.0,27.5868,filled
2020-02-18T15:55:08.359302Z,PLUG,buy,10.0,4.7777,filled
2020-02-18T15:54:13.662400Z,PLUG,buy,2.0,4.7789,filled
2020-02-18T15:53:41.907121Z,BLNK,buy,20.0,2.8868,filled
2020-02-12T15:59:16.079772Z,TLRDQ,sell,15.0,3.94,filled
2020-01-21T18:36:47.680266Z,HEXO,buy,1.0,1.495,filled
2020-01-16T17:21:59.941899Z,BLNK,buy,1.0,2.11,filled
2020-01-15T15:06:02.112503Z,PRTYQ,buy,1.0,2.835,filled
2020-01-15T15:04:02.884327Z,TLRDQ,buy,11.0,4.165,filled
2020-01-07T19:38:26.037402Z,GSAT,buy,9.0,0.5579,filled
2020-01-07T19:37:48.555808Z,TUP,buy,1.0,8.3578,filled
2020-01-07T19:37:21.629400Z,GNCIQ,buy,20.0,2.435,filled
2020-01-07T19:27:23.425537Z,ACB,buy,15.0,1.845,filled
2020-01-02T18:34:41.715719Z,ACB,buy,40.0,2.04,filled
2020-01-02T18:31:56.926626Z,ACB,buy,30.0,2.045,filled
2020-01-01T21:26:07.553243Z,ACB,buy,22.0,2.25,cancelled
2019-12-31T15:26:24.723857Z,ACB,buy,5.0,2.045,filled
2019-12-17T16:28:15.444757Z,BAC,buy,1.0,34.969,filled
2019-12-17T16:23:40.129588Z,PRTYQ,sell,35.0,1.9,filled
2019-12-17T16:21:54.929738Z,PLUG,buy,2.0,3.135,filled
2019-12-17T16:17:10.997799Z,TUP,sell,1.0,8.15,filled
2019-11-26T17:01:08.580177Z,PRTYQ,buy,10.0,1.78,filled
2019-11-26T17:00:04.605883Z,AMC,buy,2.0,8.045,filled
2019-11-26T16:58:34.432337Z,APHA,buy,4.0,4.605,filled
2019-11-26T16:58:11.111856Z,ACB,buy,5.0,2.485,filled
2019-11-26T16:55:12.285149Z,WPRT,sell,1.0,2.5248,filled
2019-11-26T16:54:42.487195Z,RIOT,sell,7.0,1.35,filled
2019-11-26T16:54:02.413916Z,CEI,sell,5.0,0.9277,filled
2019-11-26T16:53:02.103298Z,BLNK,sell,45.0,1.9387,filled
2019-11-26T16:42:40.365252Z,PLUG,buy,1.0,3.885,filled
2019-11-25T16:58:17.487305Z,VSTM,sell,4.0,1.1401,filled
2019-11-26T17:01:23.812278Z,PRTYQ,sell,26.0,1.88,cancelled
2019-11-25T16:47:07.803145Z,GME,buy,1.0,5.89,filled
2019-11-25T16:46:28.561872Z,AMC,buy,2.0,8.2399,filled
2019-11-25T16:46:06.731647Z,CEI,buy,2.0,1.02,filled
2019-11-25T16:45:46.833818Z,CEI,buy,2.0,1.02,filled
2019-11-25T16:45:19.112458Z,BLNK,buy,23.0,1.648,filled
2019-11-25T16:44:27.853736Z,HAS,sell,1.0,98.86,filled
2019-11-20T18:01:39.836542Z,ORC,sell,6.0,5.63,filled
2019-11-20T17:59:41.537491Z,GE,sell,1.0,11.305,filled
2019-11-20T17:59:30.122103Z,BAC,sell,1.0,32.615,filled
2019-11-20T17:59:15.247419Z,TTOO,sell,1.0,1.8501,filled
2019-11-20T17:59:01.462988Z,JYNT,sell,1.0,18.05,filled
2019-11-20T17:58:48.312451Z,UMC,sell,1.0,2.41,filled
2019-11-20T17:58:36.673530Z,BGCP,sell,1.0,5.661,filled
2019-11-20T17:58:02.941411Z,AMD,sell,1.0,41.2101,filled
2019-11-20T17:57:46.201808Z,TWNK,sell,1.0,13.59,filled
2019-11-20T17:57:28.387814Z,KBH,sell,1.0,34.915,filled
2019-11-20T17:57:14.139612Z,NIO,sell,1.0,1.865,filled
2019-11-20T17:56:58.221406Z,PLUG,sell,1.0,3.575,filled
2019-11-15T19:08:47.342746Z,ACB,buy,4.0,2.835,filled
2019-11-14T17:27:06.696227Z,UMC,buy,1.0,2.365,filled
2019-11-14T17:26:51.405949Z,WPRT,buy,1.0,2.725,filled
2019-11-14T15:14:49.479306Z,PRTYQ,buy,10.0,1.88,filled
2019-11-13T20:59:55.015555Z,GM,buy,1.0,37.235,filled
2019-11-13T20:57:57.826863Z,JYNT,buy,1.0,17.7878,filled
2019-11-13T20:52:27.287404Z,PLUG,sell,23.0,3.365,filled
2019-11-13T20:46:51.837353Z,TTOO,buy,1.0,1.695,filled
2019-11-13T20:46:09.844384Z,GE,buy,1.0,11.26,filled
2019-11-13T20:45:35.518653Z,AMD,buy,1.0,37.525,filled
2019-11-13T20:44:33.701296Z,VSTM,buy,2.0,0.9971,filled
2019-11-13T20:44:19.009363Z,TUP,buy,1.0,8.6863,filled
2019-11-13T20:43:01.866318Z,PRTYQ,buy,8.0,1.685,filled
2019-11-07T20:54:00.167365Z,PRTYQ,buy,8.0,2.005,filled
2019-11-07T17:08:30.230036Z,KBH,buy,1.0,32.717,filled
2019-11-06T20:49:44.311754Z,BGCP,buy,1.0,5.637,filled
2019-11-06T20:49:19.436561Z,CEI,buy,1.0,2.02,filled
2019-11-06T20:48:35.562768Z,FVRR,buy,1.0,22.78,filled
2019-11-06T20:47:03.860855Z,GRPN,buy,1.0,2.915,filled
2019-11-06T20:43:11.941714Z,ACB,sell,9.0,3.755,filled
2019-11-06T16:20:44.354814Z,RIOT,buy,4.0,1.55,filled
2019-11-06T15:46:55.480678Z,YOLO,buy,1.0,13.188,filled
2019-11-06T15:46:15.520245Z,RIOT,buy,2.0,1.5586,filled
2019-11-06T15:33:55.811412Z,VSTM,buy,1.0,1.1373,filled
2019-11-06T15:02:14.823281Z,HEXO,buy,6.0,2.145,filled
2019-11-06T14:58:46.270045Z,NIO,sell,8.0,2.11,filled
2019-11-06T14:57:59.128180Z,NIO,sell,8.0,2.16,cancelled
2019-11-05T19:55:58.496419Z,AMC,buy,1.0,9.855,filled
2019-11-05T15:00:34.794322Z,BLNK,buy,5.0,2.06,filled
2019-11-05T14:45:34.884071Z,GNCIQ,sell,3.0,2.8503,filled
2019-11-04T17:37:29.732697Z,TUP,buy,1.0,9.927,filled
2019-11-04T17:35:14.292459Z,HAS,buy,1.0,97.455,filled
2019-11-04T17:28:00.467884Z,UA,buy,1.0,16.047,filled
2019-11-04T17:27:24.455978Z,BAC,buy,1.0,32.305,filled
2019-11-04T17:24:31.833351Z,NIO,buy,1.0,1.735,filled
2019-11-04T17:23:51.718267Z,PLUG,buy,12.0,2.805,filled
2019-11-04T17:23:18.187154Z,TLRDQ,buy,3.0,5.24,filled
2019-11-04T17:22:59.784526Z,NIO,buy,4.0,1.735,filled
2019-11-04T17:22:43.901093Z,GNCIQ,buy,2.0,2.825,filled
2019-11-04T17:19:40.468797Z,TWNK,buy,1.0,12.785,filled
2019-11-01T14:23:51.487612Z,BLNK,buy,10.0,2.121,filled
2019-11-01T13:57:54.634687Z,CEI,sell,1.0,2.73,filled
2019-11-01T13:47:37.950825Z,BLNK,buy,4.0,2.15,filled
2019-10-30T18:57:37.532901Z,RLJ,sell,13.0,16.5205,filled
2019-10-30T18:56:48.917497Z,HEXO,sell,12.0,2.2501,filled
2019-10-30T18:54:58.003090Z,PLUG,buy,12.0,2.61,filled
2019-10-28T17:23:34.863843Z,TLRDQ,sell,7.0,5.105,filled
2019-10-28T17:23:05.911972Z,GNCIQ,sell,3.0,2.583,filled
2019-10-28T15:47:28.621906Z,GME,buy,1.0,6.447,filled
2019-10-28T15:21:08.366481Z,GSAT,buy,5.0,0.38261,filled
2019-10-28T15:19:41.717190Z,RIOT,buy,1.0,1.7099,filled
2019-10-28T15:18:56.091862Z,VSTM,buy,1.0,1.327,filled
2019-10-28T15:15:49.701314Z,ACB,sell,1.0,3.815,filled
2019-10-28T15:13:29.034771Z,BLNK,buy,2.0,2.194,filled
2019-10-28T15:04:43.948716Z,ACB,sell,12.0,3.815,filled
2019-10-28T14:55:39.246793Z,ORC,buy,1.0,5.585,filled
2019-10-28T14:54:52.725877Z,RLJ,buy,6.0,16.585,filled
2019-10-28T14:54:17.368690Z,HEXO,buy,10.0,2.395,filled
2019-10-28T14:28:14.574460Z,TLRDQ,buy,3.0,4.98,filled
2019-10-28T14:10:41.974477Z,TVIX,sell,3.0,9.285,filled
2019-10-28T14:08:21.793924Z,ORC,buy,4.0,5.59,filled
2019-10-28T14:04:59.409492Z,NIO,buy,1.0,1.47,filled
2019-10-28T14:04:03.025254Z,CEI,sell,10.0,0.096,filled
2019-10-28T14:03:14.878537Z,NIO,buy,1.0,1.485,filled
2019-10-28T14:02:59.020748Z,RLJ,buy,1.0,16.6195,filled
2019-10-28T13:57:18.386364Z,APHA,buy,2.0,5.515,filled
2019-10-28T13:57:01.398685Z,GNCIQ,buy,2.0,2.475,filled
2019-10-28T13:52:10.804617Z,F,sell,27.0,8.705,filled
2019-10-25T16:02:56.451009Z,CEI,buy,10.0,0.0863,filled
2019-10-23T16:06:44.596085Z,NIO,buy,1.0,1.5661,filled
2019-10-23T16:06:32.262274Z,GNCIQ,buy,1.0,2.237,filled
2019-10-28T14:51:33.888932Z,BLNK,sell,2.0,2.8,cancelled
2019-10-25T15:59:24.574686Z,GNCIQ,sell,1.0,2.5,cancelled
2019-10-28T13:51:34.313638Z,F,sell,28.0,9.5,cancelled
2019-10-22T14:04:50.309922Z,SDIV,buy,1.0,17.205,filled
2019-10-22T14:04:06.204000Z,CEI,sell,9.0,0.1133,filled
2019-10-22T13:40:11.766194Z,F,buy,1.0,8.985,filled
2019-10-21T16:29:36.327967Z,TLRDQ,buy,4.0,4.555,filled
2019-10-21T16:26:48.841726Z,F,buy,23.0,9.105,filled
2019-10-21T16:26:19.488515Z,TVIX,buy,3.0,10.3099,filled
2019-10-21T16:23:50.282524Z,F,buy,3.0,9.105,filled
2019-10-21T16:23:36.147866Z,RLJ,sell,17.0,16.76,filled
2019-10-21T16:10:14.679653Z,YOLO,buy,1.0,13.68,filled
2019-10-21T16:09:54.940676Z,APHA,buy,2.0,4.7181,filled
2019-10-21T16:09:32.180897Z,HEXO,buy,2.0,2.6099,filled
2019-10-21T16:08:19.253432Z,GNCIQ,sell,30.0,2.075,filled
2019-10-18T18:58:44.005793Z,BLNK,buy,1.0,2.3,filled
2019-10-18T18:57:46.823357Z,RLJ,buy,8.0,16.5798,filled
2019-10-18T18:50:44.510071Z,ACB,buy,22.0,3.69,filled
2019-10-18T13:53:06.980389Z,GNCIQ,buy,10.0,1.975,filled
2019-10-17T19:50:58.671460Z,BLNK,buy,1.0,2.325,filled
2019-10-17T19:36:02.360319Z,RLJ,buy,10.0,16.5698,filled
2019-10-17T18:56:34.782492Z,YOLO,buy,1.0,14.07,filled
2019-10-17T17:50:53.504508Z,APHA,buy,1.0,4.9481,filled
2019-10-17T17:50:52.725121Z,ACB,buy,1.0,3.795,filled
2019-10-17T17:23:48.324580Z,HEXO,buy,1.0,2.8299,filled
2019-10-17T15:23:47.999977Z,PLUG,sell,42.0,2.93,filled
2019-10-17T15:23:33.398486Z,TLRDQ,buy,1.0,4.405,filled
2019-10-16T16:35:27.962992Z,CEI,buy,9.0,0.1254,filled
2019-10-16T16:32:17.961071Z,PLUG,buy,36.0,2.785,filled
2019-10-16T14:27:04.386136Z,GNCIQ,buy,1.0,2.005,filled
2019-10-16T14:24:04.742701Z,GNCIQ,buy,18.0,2.01,filled
2019-10-16T14:21:06.166384Z,RLJ,buy,8.0,16.74,cancelled
2019-10-16T14:17:31.192944Z,NIO,buy,1.0,1.4185,filled
2019-10-16T14:09:24.993557Z,TVIX,sell,9.0,11.12,filled
2019-10-16T14:09:16.047898Z,TVIX,sell,3.0,11.14,filled
2019-10-15T13:55:05.189598Z,TVIX,buy,4.0,11.12,filled
2019-10-14T17:45:27.292007Z,CEI,buy,1.0,0.139897,filled
2019-10-14T17:41:11.336460Z,GNCIQ,buy,2.0,2.1397,filled
2019-10-14T17:40:48.338433Z,CEI,sell,15.0,0.14185,filled
2019-10-14T16:30:12.632437Z,TVIX,buy,8.0,12.2099,filled
2019-10-11T15:29:21.808192Z,CEI,buy,15.0,0.1338,filled
2019-10-11T15:28:20.427002Z,PLUG,buy,2.0,2.735,filled
2019-10-11T15:20:18.141621Z,ACB,sell,1.0,3.735,filled
2019-10-11T15:19:31.180587Z,GNCIQ,sell,2.0,2.295,filled
2019-10-11T15:16:33.430026Z,PLUG,buy,1.0,2.735,filled
2019-10-11T15:12:04.507678Z,ACB,sell,11.0,3.725,filled
2019-10-11T15:06:41.574450Z,AMD,sell,1.0,29.545,filled
2019-10-11T14:48:29.415000Z,ACB,buy,1.0,3.785,filled
2019-10-11T14:47:47.318941Z,ACB,buy,9.0,3.785,filled
2019-10-11T14:23:02.941025Z,JYNT,sell,2.0,17.9489,filled
2019-10-11T14:13:45.381987Z,SPHD,sell,2.0,42.01,filled
2019-10-11T13:58:15.629467Z,F,sell,7.0,8.771,filled
2019-10-11T13:49:08.301563Z,JYNT,buy,1.0,18.012,filled
2019-10-11T13:47:40.163722Z,GE,sell,4.0,8.705,filled
2019-10-11T13:44:25.255233Z,ACB,buy,1.0,3.825,filled
2019-10-10T16:51:08.630753Z,ACB,sell,6.0,3.89,filled
2019-10-10T16:05:24.679364Z,CRON,sell,1.0,8.0239,filled
2019-10-10T16:05:07.149195Z,HEXO,sell,6.0,2.865,filled
2019-10-09T13:55:43.842045Z,ACB,buy,2.0,4.195,filled
2019-10-09T13:55:20.027400Z,HEXO,buy,2.0,3.7189,filled
2019-10-09T13:55:02.569328Z,CRON,sell,2.0,8.5901,filled
2019-10-09T13:52:52.934453Z,CEI,sell,32.0,0.136011,filled
2019-10-07T17:47:05.278216Z,CEI,buy,12.0,0.1531,filled
2019-10-07T17:32:19.388323Z,PLUG,buy,2.0,2.52,filled
2019-10-07T15:41:52.662287Z,CEI,buy,3.0,0.1512,filled
2019-10-07T15:41:16.403055Z,ACB,buy,1.0,4.235,filled
2019-10-07T15:40:58.949558Z,CRON,buy,1.0,8.9361,filled
2019-10-07T15:40:37.487144Z,SPHD,buy,1.0,41.865,filled
2019-10-07T15:39:28.627385Z,JYNT,sell,3.0,18.485,filled
2019-10-07T15:31:32.907230Z,CEI,buy,16.0,0.151845,filled
2019-10-07T15:30:35.675106Z,CEI,buy,16.0,0.152,cancelled
2019-10-07T15:28:47.418748Z,CEI,buy,1.0,0.1529,filled
2019-10-07T14:57:35.705868Z,GNCIQ,buy,1.0,2.195,filled
2019-10-07T14:57:03.412720Z,ACB,buy,1.0,4.275,filled
2019-10-07T14:55:51.974885Z,GE,buy,1.0,8.545,filled
2019-10-07T14:54:25.489469Z,F,buy,2.0,8.665,filled
2019-10-07T14:54:09.328839Z,HEXO,buy,2.0,3.855,filled
2019-10-07T14:53:53.346691Z,CRON,buy,1.0,8.979,filled
2019-10-07T14:53:41.328312Z,GM,sell,1.0,34.64,filled
2019-10-07T14:52:44.941181Z,GE,buy,2.0,8.55,filled
2019-10-07T14:51:45.754549Z,F,buy,4.0,8.665,filled
2019-10-07T14:46:08.170565Z,PLUG,sell,13.0,2.515,filled
2019-10-04T13:37:18.905163Z,GNCIQ,sell,10.0,2.14,filled
2019-10-04T13:30:38.592915Z,WEN,sell,1.0,20.2601,filled
2019-10-02T19:02:16.056158Z,PLUG,buy,7.0,2.39,filled
2019-10-02T17:48:16.221775Z,TVIX,sell,1.0,16.4701,filled
2019-10-01T19:56:43.853520Z,GNCIQ,buy,1.0,2.09,filled
2019-10-01T19:30:23.784641Z,GNCIQ,buy,4.0,2.055,filled
2019-10-01T19:11:54.352645Z,GSAT,sell,6.0,0.39308,filled
2019-10-01T19:11:21.541788Z,FSK,sell,1.0,5.745,filled
2019-10-01T19:09:48.537927Z,PLUG,buy,3.0,2.55,filled
2019-10-01T19:03:10.895036Z,JYNT,buy,1.0,17.68,filled
2019-10-01T19:02:55.903674Z,GNCIQ,buy,2.0,2.085,filled
2019-10-01T19:02:20.351978Z,F,buy,1.0,8.925,filled
2019-10-01T19:02:04.176664Z,ACB,buy,1.0,4.145,filled
2019-10-01T19:01:50.792598Z,GNCIQ,buy,1.0,2.085,filled
2019-10-01T19:01:35.692302Z,HEXO,buy,1.0,3.7891,filled
2019-10-01T18:59:30.497791Z,ACB,buy,1.0,4.145,filled
2019-10-01T18:59:09.146221Z,GNCIQ,buy,2.0,2.085,filled
2019-09-30T17:12:03.590102Z,GNCIQ,sell,4.0,2.22,filled
2019-09-30T17:11:02.650353Z,GSAT,buy,6.0,0.4128,filled
2019-09-25T16:26:39.525653Z,PLUG,buy,3.0,2.605,filled
2019-09-25T16:23:26.930834Z,SPHD,buy,1.0,42.415,filled
2019-09-25T16:21:52.226728Z,TVIX,buy,1.0,13.9999,filled
2019-09-25T16:20:01.720201Z,ORC,buy,1.0,5.835,filled
2019-09-25T16:18:46.291538Z,HEXO,buy,1.0,4.0596,filled
2019-09-25T16:18:26.175510Z,CRON,buy,1.0,9.2899,filled
2019-09-25T16:17:46.294054Z,ACB,buy,1.0,4.629,filled
2019-09-25T16:15:12.993947Z,GM,buy,1.0,36.885,filled
2019-09-25T16:12:58.777410Z,AMD,buy,1.0,29.025,filled
2019-09-25T16:10:26.690083Z,PLUG,sell,14.0,2.625,filled
2019-09-25T16:09:35.553996Z,F,sell,3.0,9.185,filled
2019-09-25T16:08:42.207787Z,SBUX,sell,1.0,90.4502,filled
2019-09-24T13:50:30.795852Z,RLJ,buy,1.0,17.2999,filled
2019-09-24T13:50:07.446360Z,JYNT,buy,1.0,19.27,filled
2019-09-24T13:49:23.405835Z,PLUG,buy,6.0,2.775,filled
2019-09-23T18:58:40.947915Z,PLUG,buy,1.0,2.78,filled
2019-09-23T18:58:14.959330Z,JYNT,buy,1.0,18.9651,filled
2019-09-23T18:57:59.493232Z,PLUG,buy,4.0,2.78,filled
2019-09-23T18:57:44.667908Z,F,buy,1.0,9.21,filled
2019-09-23T18:57:21.101700Z,AIMC,sell,1.0,28.62,filled
2019-09-23T18:56:53.373415Z,TLRDQ,sell,4.0,4.2,filled
2019-09-23T18:56:39.005666Z,BGGSQ,sell,1.0,5.921,filled
2019-09-19T16:34:50.256696Z,TUP,sell,1.0,15.9366,filled
2019-09-19T16:34:22.584976Z,ACB,sell,4.0,5.195,filled
2019-09-17T15:50:03.634344Z,TLRDQ,buy,4.0,4.585,filled
2019-09-16T15:27:30.176197Z,TUP,buy,1.0,15.8577,filled
2019-09-16T14:50:04.408050Z,FSK,buy,1.0,5.9752,filled
2019-09-16T14:48:04.196610Z,AIMC,buy,1.0,29.9086,filled
2019-09-16T14:47:33.594762Z,BGGSQ,buy,1.0,6.5,filled
2019-09-16T14:39:46.839054Z,HEXO,sell,4.0,4.2702,filled
2019-09-16T14:39:31.727494Z,TLRDQ,sell,6.0,4.89,filled
2019-09-16T14:37:42.013758Z,ACB,buy,3.0,5.685,filled
2019-09-11T13:36:24.915075Z,GNCIQ,buy,5.0,2.46,filled
2019-09-10T19:31:56.139682Z,SBUX,buy,1.0,90.0,filled
2019-09-10T19:30:05.411108Z,HEXO,buy,2.0,4.4596,filled
2019-09-10T19:29:46.557048Z,F,buy,2.0,9.3499,filled
2019-09-10T19:29:06.444180Z,RLJ,buy,1.0,17.1097,filled
2019-09-10T19:28:47.524748Z,TLRDQ,buy,2.0,6.7394,filled
2019-09-10T19:28:32.509809Z,PLUG,buy,2.0,2.455,filled
2019-09-10T19:28:05.448136Z,TLRDQ,buy,1.0,6.735,filled
2019-09-10T19:27:48.661898Z,TLRDQ,buy,1.0,6.735,filled
2019-09-10T19:27:28.817757Z,PLUG,buy,1.0,2.455,filled
2019-09-10T14:06:26.406127Z,WEN,buy,1.0,19.79,filled
2019-09-10T13:49:22.685604Z,PLUG,sell,10.0,2.4199,filled
2019-09-09T14:11:22.983562Z,JYNT,buy,1.0,16.9726,filled
2019-09-09T14:10:21.612437Z,F,sell,3.0,9.56,filled
2019-09-09T14:08:41.319846Z,GE,buy,1.0,8.9599,filled
2019-09-09T14:03:16.036288Z,TLRDQ,buy,1.0,5.8685,filled
2019-09-09T13:47:55.344937Z,ACB,buy,1.0,6.2085,filled
2019-09-09T13:44:52.388404Z,HEXO,buy,2.0,4.6894,filled
2019-09-09T13:41:13.744246Z,F,sell,4.0,9.47,filled
2019-09-06T18:08:52.984021Z,RLJ,buy,1.0,16.7,filled
2019-09-06T16:25:39.242174Z,ORC,sell,7.0,5.2403,filled
2019-09-05T19:48:10.188678Z,ORC,sell,3.0,5.3,filled
2019-09-05T15:45:24.679521Z,TLRDQ,buy,1.0,5.1485,filled
2019-09-05T15:43:49.016966Z,RLJ,buy,1.0,16.73,filled
2019-09-05T15:12:05.626777Z,ORC,buy,1.0,5.3397,filled
2019-09-05T15:09:42.576814Z,AEO,sell,1.0,15.8,filled
2019-09-05T15:06:13.073336Z,TLRDQ,sell,3.0,5.2815,filled
2019-09-04T17:22:35.113726Z,PLUG,buy,1.0,2.145,filled
2019-09-04T16:18:15.566331Z,ORC,buy,2.0,5.2697,filled
2019-09-04T16:12:22.598481Z,TLRDQ,buy,2.0,4.9585,filled
2019-09-04T16:06:45.923827Z,AEO,buy,1.0,13.8697,filled
2019-09-04T16:03:43.976537Z,TLRDQ,buy,1.0,5.0,filled
2019-09-04T16:01:05.174060Z,KO,sell,1.0,55.87,filled
2019-09-04T16:00:19.785370Z,KBH,sell,1.0,28.75,filled
2019-09-04T15:30:39.254521Z,F,sell,2.0,9.21,filled
2019-09-03T17:44:20.476271Z,KBH,buy,1.0,27.79,filled
2019-09-03T17:40:57.296913Z,F,sell,3.0,9.0403,filled
2019-09-03T17:33:51.316349Z,PLUG,buy,2.0,2.135,filled
2019-09-03T17:33:08.221123Z,ORC,buy,3.0,5.14,filled
2019-09-03T17:32:40.517987Z,RLJ,buy,1.0,16.04,filled
2019-08-15T13:57:53.712149Z,F,buy,1.0,8.9497,filled
2019-08-15T13:55:46.853549Z,F,buy,2.0,8.9497,filled
2019-08-15T13:54:37.726913Z,RLJ,buy,1.0,15.93,filled
2019-08-15T13:53:37.365682Z,PLUG,buy,6.0,1.915,filled
2019-08-15T13:53:16.167665Z,ORC,buy,2.0,6.079,filled
2019-08-07T18:18:34.887341Z,GSAT,sell,4.0,0.4203,filled
2019-08-07T18:14:31.446028Z,BAC,sell,1.0,27.69,filled
2019-07-25T15:13:18.089761Z,GSAT,buy,4.0,0.4645,filled
2019-07-25T15:12:52.509107Z,PLUG,buy,2.0,2.285,filled
2019-07-25T15:10:20.254565Z,ORC,buy,1.0,6.74,filled
2019-07-25T15:01:10.164178Z,KO,buy,1.0,53.19,filled
2019-07-25T15:00:26.119799Z,BAC,buy,1.0,30.49,filled
2019-07-25T14:59:06.746861Z,ORC,buy,1.0,6.76,filled
2019-07-25T14:54:25.499748Z,F,buy,8.0,9.625,filled
2019-07-25T14:50:13.669503Z,F,buy,2.0,9.615,filled
2019-05-13T14:50:12.117920Z,CZR,sell,4.0,8.852,filled
2019-05-13T14:50:00.176311Z,HEXO,sell,35.0,6.78,filled
2019-05-13T14:49:31.130170Z,BLNK,sell,30.0,2.8069,filled
2019-05-13T14:49:17.514756Z,ACB,sell,24.0,8.0621,filled
2019-05-13T14:43:21.778600Z,AMD,sell,4.0,26.57,filled
2019-05-13T14:43:11.028177Z,T,sell,3.0,30.48,filled
2019-05-13T14:42:59.970955Z,PLUG,sell,11.0,2.255,filled
2019-05-13T14:42:48.794154Z,NIO,sell,15.0,4.4017,filled
2019-05-13T14:42:33.776606Z,F,sell,6.0,10.21,filled
2019-05-13T14:42:22.827696Z,EVSI,sell,1.0,5.25,filled
2019-05-13T14:42:12.313590Z,TMUS,sell,3.0,73.42,filled
2019-05-13T14:42:00.076874Z,BKS,sell,1.0,5.08,filled
2019-05-13T14:41:48.561868Z,S,sell,4.0,5.9303,filled
2019-05-13T14:41:37.430291Z,JYNT,sell,2.0,18.7464,filled
2019-05-13T14:41:20.569478Z,CVS,sell,1.0,53.6801,filled
2019-05-13T14:41:03.052485Z,SPOT,sell,1.0,132.5177,filled
2019-05-13T14:40:50.968964Z,GE,sell,7.0,10.0087,filled
2019-05-10T16:43:05.493068Z,HEXO,buy,2.0,7.18,filled
2019-05-10T16:41:58.918519Z,HEXO,buy,10.0,7.1695,filled
2019-05-10T16:18:29.284660Z,BAC,sell,3.0,29.4803,filled
2019-05-08T18:49:21.928455Z,NIO,buy,8.0,4.6189,filled
2019-05-08T18:48:57.458368Z,NIO,buy,5.0,4.6183,filled
2019-05-08T18:48:21.149258Z,S,buy,3.0,5.58,filled
2019-05-08T18:47:48.821446Z,NIO,buy,2.0,4.62,filled
2019-05-08T18:47:17.085878Z,BAC,buy,2.0,30.06,filled
2019-05-08T18:46:43.194753Z,F,buy,5.0,10.38,filled
2019-05-08T18:46:28.266967Z,GE,buy,3.0,10.16,filled
2019-05-08T18:45:46.180523Z,ACB,buy,8.0,8.698,filled
2019-05-08T18:45:25.807887Z,ACB,buy,9.0,8.698,filled
2019-05-08T18:44:38.345463Z,GM,sell,3.0,38.41,filled
2019-05-08T18:35:12.009817Z,PLUG,buy,10.0,2.395,filled
2019-05-08T18:34:51.094457Z,CRON,sell,2.0,15.6236,filled
2019-05-08T18:33:12.943729Z,INTC,sell,3.0,50.17,filled
2019-05-08T18:32:42.817873Z,HAS,sell,1.0,101.101,filled
2019-05-07T14:19:51.139084Z,BLNK,buy,29.0,2.93,filled
2019-05-07T14:18:50.228362Z,NKE,sell,1.0,83.1602,filled
2019-05-06T13:36:12.396444Z,JYNT,buy,1.0,16.9591,filled
2019-05-06T13:34:57.236355Z,CRON,buy,1.0,16.23,filled
2019-05-06T13:34:06.338165Z,HEXO,buy,10.0,7.3861,filled
2019-05-06T13:33:30.956241Z,HEXO,buy,11.0,7.37,filled
2019-05-06T13:32:35.104900Z,XOP,sell,1.0,29.41,filled
2019-05-06T13:31:53.502122Z,PINS,sell,1.0,27.31,filled
2019-04-30T16:00:59.543527Z,HEXO,buy,1.0,7.8567,filled
2019-04-30T15:46:39.673012Z,PINS,buy,1.0,32.745,filled
2019-04-30T15:45:53.935603Z,CVS,buy,1.0,53.96,filled
2019-04-30T15:44:57.764782Z,INTC,sell,1.0,51.11,filled
2019-04-30T15:37:13.742202Z,EVSI,buy,1.0,5.2499,filled
2019-04-30T15:37:00.627665Z,S,buy,1.0,5.57,filled
2019-04-30T15:36:48.966493Z,PLUG,buy,1.0,2.515,filled
2019-04-30T15:36:34.273790Z,BLNK,buy,1.0,3.1409,filled
2019-04-29T15:57:52.439907Z,BKS,buy,1.0,5.045,filled
2019-04-29T15:56:58.036800Z,HAS,buy,1.0,101.0693,filled
2019-04-29T15:52:15.685198Z,BAC,buy,1.0,31.04,filled
2019-04-29T15:48:54.567031Z,XOP,buy,1.0,31.22,filled
2019-04-29T15:47:22.411784Z,CRON,buy,1.0,17.0383,filled
2019-04-29T15:40:58.810615Z,JYNT,buy,1.0,17.01,filled
2019-04-29T15:39:45.730502Z,F,buy,1.0,10.33,filled
2019-04-29T15:39:28.545676Z,HEXO,buy,1.0,8.3488,filled
2019-04-29T15:38:05.317902Z,SPOT,buy,1.0,135.8,filled
2019-04-29T15:30:49.940144Z,AMD,buy,4.0,27.57,filled
2019-04-26T15:22:22.573645Z,GE,sell,1.0,9.2114,filled
2019-04-26T15:20:20.934018Z,HEXO,sell,20.0,7.6601,filled
2019-04-26T14:06:34.619694Z,AMD,sell,5.0,27.3118,filled
2019-04-26T13:50:49.885686Z,INTC,buy,2.0,52.45,filled
2019-04-26T13:49:45.332807Z,INTC,buy,2.0,52.269,filled
2019-04-25T16:51:57.618426Z,T,buy,2.0,30.4298,filled
2019-04-25T16:46:17.618350Z,GM,buy,3.0,39.26,filled
2019-04-25T16:45:33.368425Z,NKE,buy,1.0,88.15,filled
2019-04-25T16:44:39.664189Z,GE,buy,5.0,9.13,filled
2019-04-25T15:03:35.759478Z,DIS,buy,1.0,134.9,cancelled
2019-04-24T19:55:27.316268Z,F,sell,62.0,9.5901,filled
2019-04-24T13:30:15.942337Z,T,sell,1.0,31.1201,filled
2019-04-24T13:26:23.313622Z,T,sell,1.0,30.9801,filled
2019-04-23T14:50:56.282739Z,AMD,buy,4.0,27.8699,filled
2019-04-23T14:38:55.957588Z,F,buy,11.0,9.38,filled
2019-04-23T14:33:46.368450Z,TMUS,buy,2.0,73.16,filled
2019-04-23T14:33:10.192060Z,T,buy,2.0,31.98,filled
2019-04-23T14:31:23.815125Z,HON,sell,1.0,170.8101,filled
2019-04-23T14:26:26.397515Z,CZR,buy,2.0,9.4897,filled
2019-04-23T14:23:25.829551Z,F,buy,10.0,9.35,filled
2019-04-23T14:21:41.364129Z,AMD,buy,1.0,27.9897,filled
2019-04-23T13:42:10.713142Z,GM,sell,3.0,39.3901,filled
2019-04-23T13:12:31.682658Z,AMD,sell,1.0,28.14,filled
2019-04-23T12:49:18.526734Z,GNCIQ,buy,24.0,2.6,cancelled
2019-04-22T20:09:01.144969Z,CGC,sell,1.0,48.23,filled
2019-04-22T18:18:58.131353Z,GE,sell,6.0,9.251,filled
2019-04-22T16:34:41.672314Z,IIPR,sell,1.0,81.2918,filled
2019-04-22T15:11:42.218988Z,GE,sell,5.0,9.2101,filled
2019-04-22T13:40:51.988961Z,F,buy,5.0,9.53,filled
2019-04-22T13:40:29.280435Z,CRON,sell,3.0,15.9401,filled
2019-04-22T13:38:21.026684Z,HEXO,buy,20.0,6.799,filled
2019-04-22T13:37:55.520567Z,SPOT,sell,1.0,135.7401,filled
2019-04-16T19:59:13.392514Z,ACB,buy,6.0,8.8892,filled
2019-04-16T19:58:50.345686Z,CRON,sell,3.0,15.8117,filled
2019-04-16T19:36:39.539422Z,IIPR,buy,1.0,81.6312,filled
2019-04-16T19:36:12.409119Z,GME,sell,1.0,9.0603,filled
2019-04-16T19:35:21.298187Z,CRON,sell,5.0,15.8317,filled
2019-04-10T15:42:29.019645Z,CZR,buy,2.0,8.8697,filled
2019-04-09T18:14:10.383056Z,CRON,buy,8.0,17.7365,filled
2019-04-09T18:13:32.285653Z,TMUS,buy,1.0,71.3895,filled
2019-04-09T18:10:04.552609Z,HON,buy,1.0,160.87,filled
2019-04-09T18:08:38.689847Z,GE,buy,11.0,9.28,filled
2019-04-09T18:07:39.641499Z,GM,buy,3.0,38.91,filled
2019-04-09T13:31:05.941939Z,IIPR,sell,1.0,82.72,filled
2019-03-29T16:58:52.487530Z,CGC,buy,1.0,43.2783,filled
2019-03-29T16:58:29.944332Z,CRON,sell,3.0,18.3117,filled
2019-03-28T19:51:04.920526Z,SPOT,sell,1.0,137.4494,filled
2019-03-28T19:48:59.158137Z,ACB,sell,4.0,8.7905,filled
2019-03-28T19:48:33.492498Z,CRON,sell,5.0,18.9118,filled
2019-03-22T14:07:28.765275Z,AMD,sell,7.0,26.7101,filled
2019-03-22T14:01:02.027329Z,ACB,sell,5.0,9.072,filled
2019-03-21T18:42:56.618571Z,CRON,buy,10.0,20.6599,filled
2019-03-20T16:38:52.052864Z,ACB,buy,10.0,9.56,filled
2019-03-19T15:17:04.886398Z,T,buy,1.0,30.71,filled
2019-03-19T15:15:45.452664Z,SPOT,buy,2.0,141.26,filled
2019-03-19T15:15:16.739156Z,GME,buy,1.0,11.109,filled
2019-03-19T15:12:53.022562Z,IIPR,sell,6.0,86.9713,filled
2019-03-18T16:59:44.200699Z,AMD,sell,3.0,23.1601,filled
2019-03-18T16:52:47.169486Z,F,buy,5.0,8.48,filled
2019-03-18T16:52:15.823276Z,RIOT,sell,10.0,3.9844,filled
2019-03-12T15:31:47.904569Z,CRON,buy,1.0,21.6348,filled
2019-03-12T15:30:49.393627Z,RIOT,buy,10.0,3.2834,filled
2019-03-12T15:29:25.588769Z,F,buy,30.0,8.59,filled
2019-03-12T15:28:58.259079Z,IIPR,sell,4.0,76.8601,filled
2019-03-05T14:48:36.729016Z,NVAX,sell,1.0,0.6012,filled
2019-03-04T20:34:40.619368Z,IIPR,buy,10.0,76.0,filled
2019-03-04T20:32:18.879960Z,ORC,sell,111.0,6.6801,filled
2019-02-27T15:57:06.838440Z,AMD,buy,10.0,23.34,filled
2019-02-27T15:55:17.092599Z,ORC,buy,100.0,6.7599,filled
2019-02-25T14:59:48.292525Z,CRON,sell,46.0,20.29,filled
2019-02-22T17:33:58.476958Z,CRON,buy,1.0,21.3665,filled
2019-02-22T17:11:35.745820Z,CRON,buy,17.0,21.3865,filled
2019-02-22T17:09:49.760545Z,F,sell,41.0,8.6502,filled
2019-02-22T17:07:08.324792Z,CRON,buy,15.0,21.3983,filled
2019-02-22T17:06:13.785697Z,IIPR,sell,5.0,71.275,filled
2019-02-22T17:04:34.431998Z,CRON,buy,8.0,21.41,filled
2019-02-22T17:04:07.562676Z,AMD,sell,7.0,24.0701,filled
2019-02-22T16:19:42.211360Z,NVAX,buy,1.0,1.9077,filled
2019-02-21T16:12:42.877175Z,ORC,buy,2.0,7.0597,filled
2019-02-21T16:11:00.364098Z,CRON,buy,2.0,22.6265,filled
2019-02-21T16:10:43.103757Z,CRON,buy,1.0,22.6291,filled
2019-02-21T16:10:21.722092Z,CRON,buy,1.0,22.6565,filled
2019-02-21T16:09:06.837558Z,AMD,buy,5.0,24.05,filled
2019-02-21T16:04:58.996775Z,CZR,sell,1.0,9.5101,filled
2019-02-21T16:04:06.809526Z,SPOT,sell,1.0,147.7157,filled
2019-02-14T20:29:44.055948Z,ORC,buy,6.0,7.1,filled
2019-02-14T20:28:56.145449Z,F,buy,21.0,8.45,filled
2019-02-14T20:26:50.375500Z,IIPR,buy,3.0,62.63,filled
2019-02-14T20:26:19.337014Z,CRON,sell,23.0,20.7707,filled
2019-02-12T16:15:08.133886Z,F,buy,1.0,8.46,filled
2019-02-11T14:46:36.626018Z,CRON,buy,5.0,19.4499,filled
2019-02-11T14:46:11.701099Z,F,buy,10.0,8.37,filled
2019-02-11T14:36:38.697660Z,CRON,buy,10.0,19.7995,filled
2019-02-11T14:36:11.099237Z,F,buy,10.0,8.3897,filled
2019-02-08T14:49:55.821021Z,CRON,sell,9.0,20.88,filled
2019-02-08T14:48:31.508823Z,TRNX,sell,1.0,0.999695,filled
2019-02-07T17:10:06.573346Z,CRON,buy,18.0,20.3073,filled
2019-02-07T15:08:58.762788Z,CRON,sell,5.0,21.0712,filled
2019-02-07T15:02:47.592641Z,HON,sell,1.0,148.215,filled
2019-02-07T14:59:59.865044Z,GRPN,sell,1.0,3.6703,filled
2019-02-07T14:59:01.205338Z,TRNX,buy,1.0,2.2551,filled
2019-02-06T15:15:59.219003Z,CRON,buy,2.0,19.5,filled
2019-02-06T15:05:06.496206Z,CGC,sell,1.0,45.8936,filled
2019-02-06T15:04:19.131535Z,CRON,buy,1.0,19.544,filled
2019-02-06T15:04:03.105476Z,CRON,buy,1.0,19.448,filled
2019-02-06T15:03:38.750812Z,CRON,buy,1.0,19.5,filled
2019-02-06T15:03:12.779779Z,IIPR,buy,1.0,63.6608,filled
2019-01-31T21:09:40.713407Z,AMD,buy,1.0,24.43,filled
2019-01-31T21:08:07.200158Z,HRB,sell,2.0,23.6501,filled
2019-01-31T21:04:20.163286Z,CRON,sell,3.0,19.65,filled
2019-01-25T19:16:23.509462Z,EVOK,sell,1.0,2.8199,filled
2019-01-25T19:14:59.509627Z,HRB,buy,1.0,25.91,filled
2019-01-25T19:14:19.943964Z,ORC,buy,2.0,7.0,filled
2019-01-25T19:09:17.415182Z,AMD,buy,1.0,21.9,filled
2019-01-25T19:04:32.535883Z,CRON,buy,1.0,16.1265,filled
2019-01-25T19:00:49.387420Z,IIPR,buy,1.0,59.1456,filled
2019-01-25T18:59:51.707930Z,CRON,buy,1.0,16.0865,filled
2019-01-25T18:57:15.852969Z,CGC,buy,1.0,48.9264,filled
2019-01-25T18:45:58.499200Z,FDX,sell,1.0,175.3701,filled
2019-01-25T18:45:13.979728Z,RIOT,sell,1.0,1.7301,filled
2019-01-25T18:44:31.223061Z,PMT,sell,2.0,19.88,filled
2019-01-25T18:43:53.991636Z,SNAP,sell,1.0,6.3602,filled
2019-01-25T18:42:49.369165Z,INTC,sell,1.0,47.14,filled
2019-01-25T18:37:56.268130Z,GSAT,sell,2.0,0.677303,filled
2019-01-25T18:37:36.955457Z,TRPXY,sell,1.0,3.4815,filled
2019-01-24T20:05:48.438713Z,HON,buy,1.0,141.19,filled
2019-01-22T19:10:12.818072Z,HRB,buy,1.0,25.02,filled
2019-01-18T17:48:17.012378Z,BAC,sell,1.0,29.3701,filled
2019-01-18T17:22:55.471794Z,FPI,sell,1.0,5.9309,filled
2019-01-18T17:22:16.514694Z,ACB,sell,1.0,6.2624,filled
2019-01-18T17:21:18.067423Z,NTEC,sell,1.0,7.3044,filled
2019-01-18T17:17:37.473048Z,META,sell,1.0,151.82,filled
2019-01-15T14:30:07.128817Z,GSAT,buy,2.0,0.701,filled
2019-01-14T20:56:59.471425Z,RIOT,buy,1.0,1.6278,filled
2019-01-14T20:55:38.987241Z,TRPXY,buy,1.0,3.8973,filled
2019-01-14T20:48:55.579424Z,SNAP,buy,1.0,6.3199,filled
2019-01-14T20:48:17.824677Z,EVOK,buy,1.0,2.7988,filled
2019-01-14T20:46:18.396429Z,ORC,buy,1.0,6.7099,filled
2019-01-14T20:45:10.662753Z,NTEC,buy,1.0,8.3371,filled
2019-01-14T20:37:14.598698Z,FPI,buy,1.0,6.0,filled
2019-01-14T20:32:41.889899Z,AMD,buy,1.0,20.4399,filled
2019-01-14T20:30:42.029215Z,INTC,buy,1.0,48.4698,filled
2019-01-14T20:30:12.953641Z,PMT,buy,2.0,19.39,filled
2019-01-14T20:29:09.338950Z,SPOT,buy,1.0,126.9481,filled
2019-01-14T20:27:17.418889Z,IIPR,buy,1.0,54.4599,filled
2019-01-14T20:26:56.405407Z,ACB,buy,1.0,6.7699,filled
2019-01-14T20:25:40.870102Z,CZR,buy,1.0,8.6897,filled
2019-01-14T20:24:54.236300Z,CRON,buy,1.0,13.7883,filled
2018-12-19T19:54:06.887775Z,FDX,buy,1.0,165.2964,filled
2018-12-19T19:32:23.799920Z,BAC,buy,1.0,24.9199,filled
2018-12-19T19:31:07.808010Z,HMNY,sell,1.0,0.016115,filled
2018-12-19T19:27:54.285323Z,UMC,sell,1.0,1.7801,filled
2018-12-19T19:21:58.917613Z,META,buy,1.0,136.2495,filled
2018-07-23T13:58:51.018852Z,UMC,buy,1.0,2.89,filled
2018-07-18T13:30:03.024440Z,IGC,sell,20.0,0.442,filled
2018-07-02T19:11:32.516415Z,IGC,buy,20.0,0.492987,filled
2018-07-02T13:30:10.885621Z,HMNY,buy,14.0,0.259,filled
2018-04-11T13:30:01.362606Z,NTEC,sell,1.0,5.25,filled
2018-04-11T13:30:13.384578Z,AMD,sell,1.0,9.87,filled
2018-04-11T13:30:12.645764Z,BLDR,sell,1.0,19.18,filled
2018-04-11T13:30:16.511723Z,AQMS,sell,1.0,2.29,filled
2018-04-11T13:30:19.382152Z,ORC,sell,3.0,7.46,filled
2018-04-11T13:30:23.190081Z,JYNT,sell,2.0,6.8,filled
2018-04-11T13:30:03.423488Z,TWNK,sell,1.0,14.57,filled
2018-04-06T19:31:17.263204Z,TWNK,buy,1.0,14.5,filled
2018-03-20T18:11:45.713048Z,GE,sell,2.0,13.671,filled
2018-03-20T18:11:31.008788Z,TOPS,sell,10.0,0.1764,filled
2018-03-20T18:08:20.503798Z,GM,sell,1.0,37.041,filled
2018-03-20T18:08:04.320037Z,META,sell,1.0,163.83,filled
2018-03-20T18:01:51.038948Z,HON,sell,1.0,150.57,filled
2018-03-20T18:01:39.636025Z,SDRL,sell,4.0,0.242004,filled
2018-03-20T18:01:24.926275Z,IGC,sell,18.0,0.623197,filled
2018-03-19T16:38:48.705975Z,ORC,buy,3.0,7.359,filled
2018-03-19T16:38:23.208081Z,SONC,sell,1.0,24.9601,filled
2018-03-14T15:53:08.616234Z,SDRL,buy,4.0,0.255094,filled
2018-03-14T15:52:32.258043Z,TOPS,buy,10.0,0.1862,filled
2018-03-14T15:51:52.115517Z,NTEC,buy,1.0,6.545,filled
2018-03-14T15:51:06.158089Z,AMD,buy,1.0,11.335,filled
2018-03-14T15:50:04.659366Z,JYNT,buy,2.0,6.089,filled
2018-03-14T15:49:33.599527Z,GM,buy,1.0,38.045,filled
2018-03-14T15:48:57.450561Z,GE,buy,2.0,14.339,filled
2018-03-02T14:38:47.317843Z,AQMS,buy,1.0,2.21,filled
2018-02-27T16:02:12.655652Z,IGC,buy,18.0,0.701096,filled
2018-02-27T16:01:46.663173Z,SONC,buy,1.0,24.96,filled
2018-02-27T16:01:24.535755Z,BLDR,buy,1.0,20.31,filled
2018-02-26T15:03:28.247964Z,IGC,buy,85.0,0.689,cancelled
2018-02-26T14:59:18.475473Z,META,buy,1.0,185.19,filled
2018-02-26T14:59:28.437296Z,HON,buy,1.0,156.0,filled
2018-02-05T19:52:17.515387Z,IGC,sell,230.0,0.830596,filled
2018-02-05T19:51:55.505699Z,XXII,sell,2.0,2.635,filled
2018-02-02T15:24:59.909587Z,XXII,buy,2.0,2.9198,filled
2018-02-02T15:10:47.616247Z,IGC,buy,130.0,0.818624,filled
2018-02-02T15:10:35.169136Z,IGC,buy,100.0,0.809604,filled
2018-02-02T15:07:33.813492Z,PMT,sell,2.0,16.2101,filled
2018-02-02T15:07:24.211504Z,GE,sell,3.0,15.8001,filled
2018-02-02T15:07:12.751011Z,ORC,sell,2.0,7.4702,filled
2018-02-02T15:06:56.909037Z,F,sell,5.0,10.741,filled
2018-02-02T15:06:44.515826Z,XXII,sell,16.0,2.885,filled
2018-01-19T20:43:04.315123Z,ORC,buy,2.0,7.8798,filled
2018-01-19T20:41:32.712551Z,GE,buy,3.0,16.279,filled
2018-01-19T20:41:16.332082Z,F,sell,5.0,11.96,filled
2018-01-19T20:37:11.883909Z,XXII,buy,16.0,3.869,filled
2018-01-19T20:31:50.443479Z,GAIN,sell,1.0,11.17,filled
2018-01-18T17:42:23.722545Z,IGC,sell,20.0,0.9989,filled
2018-01-18T17:42:08.495366Z,IIPR,sell,1.0,28.301,filled
2018-01-17T20:57:43.008806Z,F,buy,10.0,12.14,filled
2018-01-17T20:57:20.606348Z,XXII,sell,22.0,3.415,filled
2018-01-17T20:57:08.404463Z,EGO,sell,10.0,1.361,filled
2018-01-17T20:56:48.194182Z,IGC,sell,2.0,1.0105,filled
2018-01-17T20:56:37.110048Z,TOPS,sell,14.0,0.229,filled
2018-01-17T20:56:27.146494Z,EDIT,sell,1.0,30.2804,filled
2018-01-12T20:04:57.033954Z,NSPR,sell,27.0,0.162,filled
2018-01-12T18:32:11.457705Z,EDIT,buy,1.0,32.78,filled
2018-01-12T18:17:16.089973Z,ORC,sell,3.0,7.921,filled
2018-01-12T18:14:39.512439Z,NSPR,sell,58.0,0.1586,filled
2018-01-11T14:55:23.746163Z,NSPR,buy,1.0,0.1825,filled
2018-01-11T15:56:41.523620Z,NSPR,buy,30.0,0.1786,filled
2018-01-11T14:54:13.241242Z,IIPR,buy,1.0,32.18,filled
2018-01-11T14:54:40.820137Z,NSPR,buy,27.0,0.18,filled
2018-01-11T14:49:57.665239Z,FLGT,sell,3.0,4.58,filled
2018-01-11T14:48:32.943745Z,F,sell,2.0,13.075,filled
2018-01-11T14:45:26.754641Z,XXII,buy,14.0,3.285,filled
2018-01-12T20:04:42.854793Z,NSPR,sell,27.0,0.21,cancelled
2018-01-11T14:43:23.362203Z,NTEC,sell,7.0,6.955,filled
2018-01-11T21:01:31.915320Z,TOPS,sell,14.0,0.26,cancelled
2018-01-10T18:15:53.238928Z,NSPR,buy,27.0,0.2012,filled
2018-01-10T18:06:43.626888Z,ORC,buy,2.0,8.68,filled
2018-01-10T17:57:23.025368Z,ORC,buy,1.0,8.67,filled
2018-01-10T17:51:35.730471Z,IGC,buy,11.0,1.08,filled
2018-01-10T17:48:03.424607Z,SDRL,sell,7.0,0.26606,filled
2018-01-10T17:37:20.925043Z,NTEC,sell,6.0,6.7,filled
2018-01-10T17:32:20.137614Z,FLGT,buy,3.0,4.53,filled
2018-01-10T17:27:17.249011Z,AQMS,sell,5.0,1.865,filled
2018-01-10T17:25:48.127760Z,RSYS,sell,5.0,1.12,filled
2018-01-09T19:57:27.552081Z,SDRL,buy,1.0,0.2611,filled
2018-01-09T19:49:44.047427Z,EGO,buy,9.0,1.26,filled
2018-01-09T19:49:18.147561Z,IGC,buy,10.0,1.11,filled
2018-01-09T19:46:27.564614Z,RSYS,buy,5.0,1.06,filled
2018-01-09T19:43:14.254996Z,AQMS,buy,5.0,1.8198,filled
2018-01-09T19:41:27.449568Z,GE,sell,2.0,18.575,filled
2018-01-09T18:09:21.532501Z,SDRL,buy,2.0,0.265,filled
2018-01-09T17:07:19.071422Z,XXII,buy,8.0,3.22,filled
2018-01-09T16:51:31.091124Z,DPW,sell,9.0,2.1005,filled
2018-01-09T16:49:59.338973Z,SNES,sell,7.0,0.735,filled
2018-01-09T16:49:34.750235Z,NSPR,sell,8.0,0.2567,filled
2018-01-08T16:37:47.553474Z,TOPS,buy,4.0,0.2525,filled
2018-01-08T16:37:27.259743Z,DPW,buy,7.0,2.53,filled
2018-01-08T16:34:48.623759Z,EGO,buy,1.0,1.369,filled
2018-01-08T16:34:15.967017Z,NSPR,buy,8.0,0.1415,filled
2018-01-08T16:33:48.835552Z,TOPS,buy,10.0,0.2502,filled
2018-01-08T16:32:54.928820Z,SDRL,buy,4.0,0.2721,filled
2018-01-08T16:32:25.228410Z,PMT,buy,2.0,15.97,filled
2018-01-08T16:30:57.156127Z,IGC,buy,1.0,1.22,filled
2018-01-08T16:26:15.729179Z,IIPR,sell,2.0,28.811,filled
2018-01-08T16:03:21.727459Z,GE,buy,1.0,18.165,filled
2018-01-08T16:01:08.430949Z,IIPR,buy,1.0,29.789,filled
2018-01-08T16:00:25.442663Z,AMD,sell,4.0,12.001,filled
2018-01-08T15:55:04.162300Z,SNES,buy,7.0,0.6822,filled
2018-01-08T15:51:55.043138Z,F,buy,1.0,13.149,filled
2018-01-08T15:49:28.247851Z,IIPR,buy,1.0,30.239,filled
2018-01-08T15:45:32.216006Z,DPW,buy,2.0,2.4395,filled
2018-01-08T15:36:09.053621Z,IIPR,sell,1.0,30.7101,filled
2018-01-08T15:30:49.627786Z,NTEC,buy,10.0,6.695,filled
2018-01-08T15:30:19.045410Z,XXII,sell,11.0,3.421,filled
2018-01-08T15:29:57.734207Z,AMD,buy,1.0,11.999,filled
2018-01-08T15:29:19.899561Z,IIPR,sell,1.0,30.51,filled
2018-01-08T15:27:38.701132Z,NTEC,buy,1.0,6.745,filled
2018-01-08T15:26:41.686560Z,T,sell,1.0,37.941,filled
2018-01-08T15:26:01.966479Z,GSAT,sell,2.0,1.24,filled
2018-01-03T17:00:15.662514Z,IIPR,buy,1.0,32.61,filled
2018-01-03T16:57:30.194074Z,CEI,sell,3.0,0.1202,filled
2018-01-03T16:50:51.280901Z,PZRXQ,sell,6.0,0.3851,filled
2018-01-03T16:44:13.487546Z,ORC,sell,1.0,9.1801,filled
2018-01-03T16:43:47.092557Z,PMT,sell,1.0,16.0201,filled
2018-01-02T19:26:00.464012Z,CEI,buy,1.0,0.122198,filled
2018-01-02T19:25:47.204233Z,CEI,buy,2.0,0.122198,filled
2018-01-02T19:19:10.607705Z,PZRXQ,buy,3.0,0.3899,filled
2018-01-02T18:48:49.930438Z,NTEC,buy,2.0,5.9,filled
2018-01-02T18:46:39.983731Z,DPW,sell,3.0,3.3912,filled
2018-01-02T18:45:10.973615Z,XXII,buy,11.0,3.07,filled
2018-01-02T18:44:43.536624Z,IIPR,buy,1.0,35.96,filled
2018-01-02T17:52:32.428431Z,GME,sell,4.0,18.085,filled
2017-12-29T16:50:28.506421Z,GSAT,buy,2.0,1.279,filled
2017-12-29T16:49:24.532892Z,DPW,buy,1.0,3.4298,filled
2017-12-27T17:15:28.045517Z,GAIN,buy,1.0,11.2296,filled
2017-12-27T17:14:37.755235Z,PMT,buy,1.0,16.61,filled
2017-12-27T17:14:10.782919Z,ORC,buy,1.0,9.49,filled
2017-12-27T17:07:47.728519Z,DPW,buy,2.0,4.0498,filled
2017-12-27T16:38:44.705943Z,T,buy,1.0,39.049,filled
2017-12-27T16:37:04.479145Z,GE,buy,1.0,17.509,filled
2017-12-27T16:36:24.084341Z,F,buy,1.0,12.529,filled
2017-12-27T16:33:03.584361Z,XXII,sell,15.0,2.791,filled
2017-12-27T15:52:57.880021Z,IIPR,sell,2.0,26.9501,filled
2017-12-27T15:52:47.835745Z,EVFM,sell,13.0,1.9506,filled
2017-12-20T20:51:07.004741Z,PZRXQ,buy,3.0,0.408443,filled
2017-12-20T20:49:15.115619Z,EVFM,buy,6.0,1.67,filled
2017-12-20T20:49:01.490366Z,GME,buy,1.0,18.239,filled
2017-12-20T20:47:10.593762Z,AMD,buy,1.0,10.989,filled
2017-12-20T20:46:38.189129Z,IIPR,buy,1.0,24.75,filled
2017-12-20T20:46:15.674006Z,T,sell,1.0,38.6,filled
2017-12-20T20:18:21.899400Z,AMD,buy,1.0,10.969,filled
2017-12-20T20:18:06.136983Z,DPW,sell,3.0,5.2903,filled
2017-12-20T20:16:54.502542Z,EVFM,buy,6.0,1.67,filled
2017-12-20T20:15:24.997567Z,EGO,sell,1.0,1.261,filled
2017-12-20T20:15:14.006057Z,AQMS,sell,1.0,2.035,filled
2017-12-20T20:14:51.339499Z,IGC,sell,1.0,0.71069,filled
2017-12-20T20:14:39.503722Z,CBKCQ,sell,1.0,1.211,filled
2017-12-20T20:14:13.280085Z,NSPR,sell,22.0,0.13,filled
2017-12-20T20:09:32.703612Z,GME,buy,1.0,18.249,filled
2017-12-20T20:06:15.800773Z,SDRL,sell,6.0,0.247304,filled
2017-12-20T20:05:37.513280Z,PZRXQ,sell,1.0,0.390724,filled
2017-12-20T20:05:20.815348Z,SIRI,sell,2.0,5.25,filled
2017-12-20T20:04:56.292441Z,P,sell,1.0,4.761,filled
2017-12-19T14:38:54.207423Z,DPW,buy,2.0,5.07,filled
2017-12-19T14:37:46.639986Z,AMC,sell,1.0,15.1,filled
2017-12-15T17:53:59.889605Z,PZRXQ,buy,1.0,0.43,filled
2017-12-15T15:59:11.764823Z,DPW,buy,1.0,4.85,filled
2017-12-15T15:58:30.592168Z,P,buy,1.0,5.16,filled
2017-12-15T15:08:59.996289Z,T,buy,1.0,38.04,filled
2017-12-15T15:05:49.295154Z,CEI,sell,25.0,0.1412,filled
2017-12-15T15:05:32.883883Z,PZRXQ,sell,5.0,0.380298,filled
2017-12-15T15:05:14.573652Z,VSTM,sell,2.0,3.22,filled
2017-12-15T14:30:13.603916Z,IIPR,buy,1.0,23.0,filled
2017-12-15T14:30:30.248525Z,SDRL,sell,91.0,0.28,filled
2017-12-15T14:07:12.321392Z,SDRL,sell,90.0,0.0,cancelled
2017-12-15T14:30:21.485047Z,AMC,buy,1.0,15.75,filled
2017-12-13T18:56:31.822312Z,PZRXQ,buy,5.0,0.419232,filled
2017-12-13T18:06:40.412337Z,GME,buy,1.0,18.81,filled
2017-12-13T18:06:04.512561Z,AMC,sell,1.0,14.905,filled
2017-12-13T18:05:17.642915Z,EVOK,sell,1.0,2.48,filled
2017-12-13T18:05:03.814315Z,STDY,sell,1.0,3.35,filled
2017-12-13T18:04:45.336881Z,SDRL,buy,19.0,0.258569,filled
2017-12-13T18:04:09.439384Z,PZRXQ,sell,10.0,0.503,filled
2017-12-13T18:03:48.425975Z,CEI,buy,15.0,0.1517,filled
2017-12-13T18:03:28.867775Z,GSAT,sell,2.0,1.201,filled
2017-12-13T18:02:51.713219Z,SDRL,buy,6.0,0.258569,filled
2017-12-13T18:01:52.037321Z,TOPS,sell,4.0,0.3225,filled
2017-12-13T18:01:25.112175Z,SDRL,buy,19.0,0.258386,filled
2017-12-13T18:00:54.522534Z,RSYS,sell,5.0,0.8821,filled
2017-12-13T18:00:07.964916Z,SDRL,buy,53.0,0.258,filled
2017-12-13T17:50:54.535534Z,APPS,sell,1.0,1.8302,filled
2017-12-13T17:50:28.536366Z,WPRT,sell,1.0,3.1,filled
2017-12-13T17:50:15.476005Z,ARQ,sell,1.0,9.571,filled
2017-12-12T21:01:24.189148Z,NSPR,buy,1.0,0.13,cancelled
2017-12-12T20:46:28.731419Z,NSPR,buy,11.0,0.1338,filled
2017-12-12T19:57:58.302610Z,XXII,buy,1.0,2.62,filled
2017-12-12T17:57:01.122602Z,AMC,buy,1.0,15.8,filled
2017-12-12T17:52:15.120798Z,IGC,buy,1.0,0.7097,filled
2017-12-12T17:50:01.004348Z,XXII,buy,7.0,2.77,filled
2017-12-12T14:58:02.522610Z,NSPR,buy,1.0,0.1344,filled
2017-12-12T14:47:00.242497Z,TOPS,buy,4.0,0.3554,filled
2017-12-12T14:46:42.017058Z,VSTM,buy,2.0,3.57,filled
2017-12-12T14:46:08.028286Z,NSPR,buy,10.0,0.1345,filled
2017-12-12T14:45:37.725295Z,RSYS,buy,5.0,0.98,filled
2017-12-12T14:45:02.217415Z,APPS,buy,1.0,1.7,filled
2017-12-12T14:39:55.721302Z,IGC,sell,10.0,0.745,filled
2017-12-12T14:39:35.546442Z,SNES,sell,13.0,0.71,filled
2017-12-11T20:52:45.314624Z,GSAT,buy,2.0,1.309,filled
2017-12-11T20:46:19.162325Z,CEI,buy,10.0,0.164943,filled
2017-12-11T19:26:31.737686Z,EVFM,buy,1.0,1.48,filled
2017-12-11T19:26:13.197974Z,EVOK,buy,1.0,2.7,filled
2017-12-11T19:25:59.910291Z,EGO,buy,1.0,1.239,filled
2017-12-11T19:25:38.148157Z,AQMS,buy,1.0,1.9398,filled
2017-12-11T19:25:26.365522Z,STDY,buy,1.0,3.445,filled
2017-12-11T19:24:35.631452Z,SIRI,buy,2.0,5.6298,filled
2017-12-11T19:22:16.951706Z,PZRXQ,buy,10.0,0.55794,filled
2017-12-11T19:21:46.200919Z,IGC,buy,10.0,0.808,filled
2017-12-11T15:06:28.750752Z,SNES,buy,3.0,0.7498,filled
2017-12-11T15:03:32.944519Z,GME,buy,1.0,18.82,filled
2017-12-11T15:01:25.695808Z,UNTCQ,sell,1.0,19.95,filled
2017-12-11T14:58:13.816940Z,WPRT,buy,1.0,2.669,filled
2017-12-11T14:55:34.310680Z,GSAT,sell,3.0,1.3101,filled
2017-12-05T20:20:17.498394Z,GSAT,buy,1.0,1.53,filled
2017-12-05T20:03:27.110719Z,GSAT,buy,1.0,1.54,filled
2017-12-05T20:03:03.876384Z,UNTCQ,buy,1.0,21.37,filled
2017-12-05T20:02:40.416170Z,SNES,buy,10.0,0.7663,filled
2017-12-05T20:00:55.912433Z,ARQ,buy,1.0,8.0594,filled
2017-12-05T19:59:30.074820Z,AMD,buy,1.0,9.929,filled
2017-11-21T19:36:02.498564Z,CBKCQ,buy,1.0,1.2198,filled
2017-11-21T19:35:20.599899Z,GSAT,buy,1.0,1.52,filled
2017-11-21T19:34:55.200293Z,XXII,buy,7.0,2.385,filled
2017-11-20T18:14:56.131743Z,IRIX,sell,1.0,7.6434,filled
2017-11-20T18:13:43.703356Z,AMD,sell,1.0,11.32,filled
2017-11-17T17:37:01.916563Z,AMD,buy,1.0,11.579,filled
2017-11-17T17:36:00.017492Z,IRIX,buy,1.0,7.79,filled
2017-07-07T14:30:21.189957Z,GSAT,sell,144.0,2.031,filled
2017-07-07T14:29:57.952566Z,GSAT,sell,144.0,2.17,cancelled
2017-06-30T20:01:34.951823Z,GSAT,sell,144.0,0.0,cancelled
2017-06-28T20:01:17.215700Z,GSAT,sell,144.0,2.2,cancelled
2017-06-27T18:46:15.499975Z,GSAT,buy,12.0,2.12,filled
2017-06-27T18:44:17.600165Z,GSAT,buy,70.0,2.12,filled
2017-06-27T15:55:56.514598Z,GSAT,buy,62.0,2.15,filled
2017-06-27T18:39:05.955391Z,XXII,buy,100.0,1.75,cancelled
2017-06-23T17:27:36.901965Z,BBY,sell,1.0,55.05,filled
2017-06-23T17:27:15.202772Z,BAC,sell,2.0,22.8,filled
2017-06-23T17:26:23.735593Z,BAC,sell,2.0,22.9,cancelled
2017-06-23T15:08:24.738938Z,MAIN,sell,1.0,38.9,filled
2017-06-23T14:16:55.160579Z,AMD,sell,2.0,14.4301,filled
2017-06-23T14:55:05.397233Z,GME,sell,3.0,20.57,filled
2017-06-23T14:15:50.900084Z,XXII,sell,7.0,1.81,filled
2017-06-23T14:23:39.235704Z,GSAT,sell,25.0,2.21,filled
2017-06-23T13:59:43.833090Z,P,sell,1.0,8.11,filled
2017-06-21T19:23:00.862197Z,XXII,buy,3.0,1.77,filled
2017-06-21T17:41:17.010154Z,GME,buy,1.0,20.4,filled
2017-06-21T17:40:29.506876Z,XXII,buy,15.0,1.75,cancelled
2017-06-21T17:38:02.585034Z,BAC,buy,1.0,23.139,filled
2017-06-20T16:17:39.086909Z,XXII,buy,1.0,1.775,filled
2017-06-20T16:16:16.104332Z,GSAT,buy,7.0,2.09,filled
2017-06-20T16:14:55.295706Z,AMD,buy,1.0,12.51,filled
2017-06-20T16:12:39.884534Z,GME,buy,1.0,20.609,filled
2017-06-20T16:11:07.581891Z,GSAT,buy,10.0,2.119,filled
2017-06-19T16:41:53.356177Z,XXII,buy,1.0,1.789,filled
2017-06-19T16:41:17.254581Z,MAIN,buy,1.0,38.8399,filled
2017-06-19T14:53:15.254841Z,XXII,buy,1.0,1.8,filled
2017-06-19T13:56:41.326370Z,GSAT,buy,8.0,2.16,filled
2017-06-19T15:44:30.278539Z,CBKCQ,sell,1.0,1.33,filled
2017-06-16T19:55:26.935638Z,P,buy,1.0,7.0099,filled
2017-06-16T18:56:31.828722Z,BBY,buy,1.0,55.6699,filled
2017-06-16T18:54:05.167469Z,AMD,buy,1.0,11.449,filled
2017-06-16T18:52:39.850474Z,GME,buy,1.0,20.6099,filled
2017-06-16T18:48:41.975120Z,TRPXY,sell,1.0,6.07,filled
2017-06-16T18:48:20.073222Z,XXII,sell,35.0,1.801,filled
2017-06-16T18:48:02.668792Z,SIRI,sell,1.0,5.181,filled
2017-06-16T18:45:02.778553Z,NTEC,sell,1.0,5.5,filled
2017-06-16T18:39:41.099523Z,GSAT,sell,11.0,2.181,filled
2017-06-19T13:44:50.589239Z,GSAT,buy,5.0,2.08,cancelled
2017-06-14T18:40:17.225574Z,GSAT,buy,10.0,2.1,filled
2017-06-14T17:15:34.245102Z,XXII,buy,8.0,1.73,filled
2017-06-13T14:04:07.463935Z,WPRT,sell,9.0,1.62,filled
2017-06-16T13:31:46.525056Z,XXII,sell,28.0,2.0,cancelled
2017-06-12T16:06:51.297289Z,XXII,buy,7.0,1.8,filled
2017-06-12T16:06:51.341471Z,XXII,buy,10.0,1.8,filled
2017-06-12T13:59:02.245265Z,AMD,sell,2.0,11.75,filled
2017-06-12T13:58:05.140175Z,AMD,sell,2.0,11.9,cancelled
2017-06-09T18:53:57.308916Z,AMD,buy,1.0,11.8299,filled
2017-06-09T18:49:42.792203Z,UNTCQ,sell,1.0,17.92,filled
2017-06-09T17:18:08.007541Z,AMD,buy,1.0,12.24,filled
2017-06-09T17:17:51.818752Z,SKYS,sell,1.0,1.8901,filled
2017-06-09T17:14:22.488459Z,CIEIQ,sell,4.0,0.245401,filled
2017-06-09T17:14:05.114748Z,JAGX,sell,4.0,0.6361,filled
2017-06-09T15:54:47.188658Z,TRPXY,buy,1.0,6.6699,filled
2017-06-09T14:47:57.399461Z,BAC,buy,1.0,23.6099,filled
2017-06-09T14:43:03.102606Z,AMD,sell,1.0,13.2201,filled
2017-06-09T14:34:29.105210Z,SIRI,buy,1.0,5.34,filled
2017-06-09T14:25:56.906914Z,NTEC,sell,1.0,5.45,filled
2017-06-09T17:13:49.047881Z,XXII,sell,10.0,2.0,cancelled
2017-06-09T13:38:51.366032Z,WPRT,buy,8.0,1.6199,filled
2017-06-09T13:38:13.711200Z,XXII,buy,10.0,1.81,filled
2017-06-09T13:34:08.095212Z,GSAT,sell,18.0,2.1401,filled
2017-06-09T13:30:43.880662Z,SNAP,sell,1.0,18.21,filled
2017-06-09T13:10:26.906187Z,AMD,sell,1.0,0.0,cancelled
2017-06-09T13:33:33.358970Z,GSAT,sell,18.0,2.2,cancelled
2017-06-09T17:13:42.809889Z,JAGX,sell,4.0,0.7,cancelled
2017-06-08T19:13:01.491311Z,CIEIQ,buy,1.0,0.254,filled
2017-06-07T19:55:52.148941Z,WPRT,buy,1.0,1.58,filled
2017-06-07T19:55:30.160453Z,SKYS,buy,1.0,1.899,filled
2017-06-07T19:54:48.946283Z,NTEC,buy,2.0,5.45,filled
2017-06-07T19:53:05.040935Z,XXII,buy,1.0,1.8499,filled
2017-06-07T19:52:30.141828Z,UNTCQ,sell,1.0,16.43,filled
2017-06-07T19:39:11.960383Z,CIEIQ,buy,1.0,0.2689,filled
2017-06-07T19:37:16.336685Z,SNAP,buy,1.0,19.6499,filled
2017-06-09T12:57:21.270494Z,AMD,sell,1.0,13.0,cancelled
2017-06-07T19:47:58.559211Z,UNTCQ,sell,2.0,18.0,cancelled
2017-06-08T19:16:36.413492Z,JAGX,sell,4.0,0.7,cancelled
2017-06-08T19:16:30.699998Z,GSAT,sell,19.0,2.2,cancelled
2017-06-07T18:51:29.667560Z,CIEIQ,buy,2.0,0.2658,filled
2017-06-07T17:16:24.064923Z,CBKCQ,buy,1.0,1.27,filled
2017-06-07T17:10:37.068447Z,AMD,buy,1.0,12.5,filled
2017-06-07T17:09:47.534184Z,JMBA,sell,2.0,6.7701,filled
2017-06-07T15:40:50.534534Z,JMBA,buy,2.0,6.7799,filled
2017-06-07T15:34:46.351232Z,UNTCQ,buy,2.0,17.03,filled
2017-06-07T15:04:07.888581Z,SNR,sell,5.0,9.595,filled
2017-06-05T15:34:22.328737Z,JAGX,buy,4.0,0.68,filled
2017-06-05T15:14:15.036527Z,GSAT,buy,19.0,2.02,filled
2017-06-05T15:11:54.800966Z,SNR,buy,5.0,9.68,filled
